timestamp,power
01/01/2013 00:00:00,1981
01/01/2013 01:00:00,1903
01/01/2013 02:00:00,1917
01/01/2013 03:00:00,1877
01/01/2013 04:00:00,1791
01/01/2013 05:00:00,1742
01/01/2013 06:00:00,1884
01/01/2013 07:00:00,1762
01/01/2013 08:00:00,1930
01/01/2013 09:00:00,1895
01/01/2013 10:00:00,1977
01/01/2013 11:00:00,2130
01/01/2013 12:00:00,2054
01/01/2013 13:00:00,2077
01/01/2013 14:00:00,2065
01/01/2013 15:00:00,2030
01/01/2013 16:00:00,2166
01/01/2013 17:00:00,2273
01/01/2013 18:00:00,2516
01/01/2013 19:00:00,2416
01/01/2013 20:00:00,2357
01/01/2013 21:00:00,2354
01/01/2013 22:00:00,2157
01/01/2013 23:00:00,2219
01/02/2013 00:00:00,1964
01/02/2013 01:00:00,2025
01/02/2013 02:00:00,2018
01/02/2013 03:00:00,1992
01/02/2013 04:00:00,2064
01/02/2013 05:00:00,2122
01/02/2013 06:00:00,2444
01/02/2013 07:00:00,2501
01/02/2013 08:00:00,2455
01/02/2013 09:00:00,2386
01/02/2013 10:00:00,2272
01/02/2013 11:00:00,2091
01/02/2013 12:00:00,1955
01/02/2013 13:00:00,1871
01/02/2013 14:00:00,1953
01/02/2013 15:00:00,2031
01/02/2013 16:00:00,2091
01/02/2013 17:00:00,2305
01/02/2013 18:00:00,2541
01/02/2013 19:00:00,2721
01/02/2013 20:00:00,2829
01/02/2013 21:00:00,2541
01/02/2013 22:00:00,2574
01/02/2013 23:00:00,2377
01/03/2013 00:00:00,2410
01/03/2013 01:00:00,2327
01/03/2013 02:00:00,2347
01/03/2013 03:00:00,2337
01/03/2013 04:00:00,2376
01/03/2013 05:00:00,2382
01/03/2013 06:00:00,2754
01/03/2013 07:00:00,3055
01/03/2013 08:00:00,2773
01/03/2013 09:00:00,2697
01/03/2013 10:00:00,2206
01/03/2013 11:00:00,2222
01/03/2013 12:00:00,2181
01/03/2013 13:00:00,2060
01/03/2013 14:00:00,1884
01/03/2013 15:00:00,2095
01/03/2013 16:00:00,2070
01/03/2013 17:00:00,2282
01/03/2013 18:00:00,2714
01/03/2013 19:00:00,2693
01/03/2013 20:00:00,2647
01/03/2013 21:00:00,2554
01/03/2013 22:00:00,2551
01/03/2013 23:00:00,2193
01/04/2013 00:00:00,2156
01/04/2013 01:00:00,2084
01/04/2013 02:00:00,1991
01/04/2013 03:00:00,2015
01/04/2013 04:00:00,2048
01/04/2013 05:00:00,2364
01/04/2013 06:00:00,2319
01/04/2013 07:00:00,2541
01/04/2013 08:00:00,2433
01/04/2013 09:00:00,2354
01/04/2013 10:00:00,2151
01/04/2013 11:00:00,2129
01/04/2013 12:00:00,2035
01/04/2013 13:00:00,2127
01/04/2013 14:00:00,2095
01/04/2013 15:00:00,2105
01/04/2013 16:00:00,2132
01/04/2013 17:00:00,2287
01/04/2013 18:00:00,2569
01/04/2013 19:00:00,2502
01/04/2013 20:00:00,2533
01/04/2013 21:00:00,2644
01/04/2013 22:00:00,2597
01/04/2013 23:00:00,2458
01/05/2013 00:00:00,2411
01/05/2013 01:00:00,2315
01/05/2013 02:00:00,2208
01/05/2013 03:00:00,2284
01/05/2013 04:00:00,2433
01/05/2013 05:00:00,2280
01/05/2013 06:00:00,2611
01/05/2013 07:00:00,2580
01/05/2013 08:00:00,2740
01/05/2013 09:00:00,2481
01/05/2013 10:00:00,2422
01/05/2013 11:00:00,2258
01/05/2013 12:00:00,2249
01/05/2013 13:00:00,2184
01/05/2013 14:00:00,1908
01/05/2013 15:00:00,1840
01/05/2013 16:00:00,1981
01/05/2013 17:00:00,2077
01/05/2013 18:00:00,2425
01/05/2013 19:00:00,2469
01/05/2013 20:00:00,2259
01/05/2013 21:00:00,2205
01/05/2013 22:00:00,2191
01/05/2013 23:00:00,2084
01/06/2013 00:00:00,1906
01/06/2013 01:00:00,1901
01/06/2013 02:00:00,1927
01/06/2013 03:00:00,1836
01/06/2013 04:00:00,1834
01/06/2013 05:00:00,1761
01/06/2013 06:00:00,1791
01/06/2013 07:00:00,1767
01/06/2013 08:00:00,2071
01/06/2013 09:00:00,2134
01/06/2013 10:00:00,2120
01/06/2013 11:00:00,2027
01/06/2013 12:00:00,2146
01/06/2013 13:00:00,2207
01/06/2013 14:00:00,2231
01/06/2013 15:00:00,2207
01/06/2013 16:00:00,2498
01/06/2013 17:00:00,2489
01/06/2013 18:00:00,2732
01/06/2013 19:00:00,2723
01/06/2013 20:00:00,2610
01/06/2013 21:00:00,2571
01/06/2013 22:00:00,2437
01/06/2013 23:00:00,2196
01/07/2013 00:00:00,1999
01/07/2013 01:00:00,2124
01/07/2013 02:00:00,2190
01/07/2013 03:00:00,2138
01/07/2013 04:00:00,2064
01/07/2013 05:00:00,2225
01/07/2013 06:00:00,2658
01/07/2013 07:00:00,2745
01/07/2013 08:00:00,2583
01/07/2013 09:00:00,2379
01/07/2013 10:00:00,2184
01/07/2013 11:00:00,2172
01/07/2013 12:00:00,2004
01/07/2013 13:00:00,1733
01/07/2013 14:00:00,1659
01/07/2013 15:00:00,1706
01/07/2013 16:00:00,1773
01/07/2013 17:00:00,1956
01/07/2013 18:00:00,2317
01/07/2013 19:00:00,2396
01/07/2013 20:00:00,2455
01/07/2013 21:00:00,2344
01/07/2013 22:00:00,2379
01/07/2013 23:00:00,2246
01/08/2013 00:00:00,2096
01/08/2013 01:00:00,2182
01/08/2013 02:00:00,2049
01/08/2013 03:00:00,2216
01/08/2013 04:00:00,2243
01/08/2013 05:00:00,2237
01/08/2013 06:00:00,2500
01/08/2013 07:00:00,2801
01/08/2013 08:00:00,2421
01/08/2013 09:00:00,2346
01/08/2013 10:00:00,2244
01/08/2013 11:00:00,1913
01/08/2013 12:00:00,1855
01/08/2013 13:00:00,1668
01/08/2013 14:00:00,1559
01/08/2013 15:00:00,1507
01/08/2013 16:00:00,1511
01/08/2013 17:00:00,1651
01/08/2013 18:00:00,2090
01/08/2013 19:00:00,2162
01/08/2013 20:00:00,2151
01/08/2013 21:00:00,2241
01/08/2013 22:00:00,2145
01/08/2013 23:00:00,1913
01/09/2013 00:00:00,1741
01/09/2013 01:00:00,1825
01/09/2013 02:00:00,1734
01/09/2013 03:00:00,1729
01/09/2013 04:00:00,1770
01/09/2013 05:00:00,1585
01/09/2013 06:00:00,1946
01/09/2013 07:00:00,2120
01/09/2013 08:00:00,1911
01/09/2013 09:00:00,1890
01/09/2013 10:00:00,1732
01/09/2013 11:00:00,1908
01/09/2013 12:00:00,1658
01/09/2013 13:00:00,1564
01/09/2013 14:00:00,1453
01/09/2013 15:00:00,1446
01/09/2013 16:00:00,1488
01/09/2013 17:00:00,1598
01/09/2013 18:00:00,1877
01/09/2013 19:00:00,1982
01/09/2013 20:00:00,2097
01/09/2013 21:00:00,2108
01/09/2013 22:00:00,2007
01/09/2013 23:00:00,1792
01/10/2013 00:00:00,1620
01/10/2013 01:00:00,1701
01/10/2013 02:00:00,1656
01/10/2013 03:00:00,1938
01/10/2013 04:00:00,1808
01/10/2013 05:00:00,1865
01/10/2013 06:00:00,2145
01/10/2013 07:00:00,2279
01/10/2013 08:00:00,2210
01/10/2013 09:00:00,1967
01/10/2013 10:00:00,1987
01/10/2013 11:00:00,2059
01/10/2013 12:00:00,1940
01/10/2013 13:00:00,2103
01/10/2013 14:00:00,1968
01/10/2013 15:00:00,1946
01/10/2013 16:00:00,1989
01/10/2013 17:00:00,2133
01/10/2013 18:00:00,2390
01/10/2013 19:00:00,2398
01/10/2013 20:00:00,2265
01/10/2013 21:00:00,1984
01/10/2013 22:00:00,1973
01/10/2013 23:00:00,1856
01/11/2013 00:00:00,1577
01/11/2013 01:00:00,1568
01/11/2013 02:00:00,1407
01/11/2013 03:00:00,1535
01/11/2013 04:00:00,1470
01/11/2013 05:00:00,1472
01/11/2013 06:00:00,1642
01/11/2013 07:00:00,1791
01/11/2013 08:00:00,1588
01/11/2013 09:00:00,1407
01/11/2013 10:00:00,1511
01/11/2013 11:00:00,1504
01/11/2013 12:00:00,1344
01/11/2013 13:00:00,1375
01/11/2013 14:00:00,1380
01/11/2013 15:00:00,1339
01/11/2013 16:00:00,1273
01/11/2013 17:00:00,1352
01/11/2013 18:00:00,1500
01/11/2013 19:00:00,1479
01/11/2013 20:00:00,1597
01/11/2013 21:00:00,1598
01/11/2013 22:00:00,1616
01/11/2013 23:00:00,1341
01/12/2013 00:00:00,1295
01/12/2013 01:00:00,1262
01/12/2013 02:00:00,1184
01/12/2013 03:00:00,1207
01/12/2013 04:00:00,1111
01/12/2013 05:00:00,1106
01/12/2013 06:00:00,1216
01/12/2013 07:00:00,1305
01/12/2013 08:00:00,1379
01/12/2013 09:00:00,1381
01/12/2013 10:00:00,1479
01/12/2013 11:00:00,1423
01/12/2013 12:00:00,1408
01/12/2013 13:00:00,1376
01/12/2013 14:00:00,1360
01/12/2013 15:00:00,1336
01/12/2013 16:00:00,1296
01/12/2013 17:00:00,1452
01/12/2013 18:00:00,1634
01/12/2013 19:00:00,1596
01/12/2013 20:00:00,1435
01/12/2013 21:00:00,1452
01/12/2013 22:00:00,1351
01/12/2013 23:00:00,1192
01/13/2013 00:00:00,947
01/13/2013 01:00:00,862
01/13/2013 02:00:00,882
01/13/2013 03:00:00,786
01/13/2013 04:00:00,770
01/13/2013 05:00:00,852
01/13/2013 06:00:00,891
01/13/2013 07:00:00,909
01/13/2013 08:00:00,1116
01/13/2013 09:00:00,1282
01/13/2013 10:00:00,1351
01/13/2013 11:00:00,1252
01/13/2013 12:00:00,1349
01/13/2013 13:00:00,1372
01/13/2013 14:00:00,1445
01/13/2013 15:00:00,1434
01/13/2013 16:00:00,1456
01/13/2013 17:00:00,1623
01/13/2013 18:00:00,1762
01/13/2013 19:00:00,1922
01/13/2013 20:00:00,1939
01/13/2013 21:00:00,1852
01/13/2013 22:00:00,1819
01/13/2013 23:00:00,1696
01/14/2013 00:00:00,1680
01/14/2013 01:00:00,1679
01/14/2013 02:00:00,1810
01/14/2013 03:00:00,1927
01/14/2013 04:00:00,1895
01/14/2013 05:00:00,2190
01/14/2013 06:00:00,2485
01/14/2013 07:00:00,2516
01/14/2013 08:00:00,2634
01/14/2013 09:00:00,2470
01/14/2013 10:00:00,2525
01/14/2013 11:00:00,2325
01/14/2013 12:00:00,2251
01/14/2013 13:00:00,2182
01/14/2013 14:00:00,2194
01/14/2013 15:00:00,2269
01/14/2013 16:00:00,2465
01/14/2013 17:00:00,2546
01/14/2013 18:00:00,2731
01/14/2013 19:00:00,2683
01/14/2013 20:00:00,2704
01/14/2013 21:00:00,2513
01/14/2013 22:00:00,2466
01/14/2013 23:00:00,2420
01/15/2013 00:00:00,2296
01/15/2013 01:00:00,2216
01/15/2013 02:00:00,2199
01/15/2013 03:00:00,2093
01/15/2013 04:00:00,2433
01/15/2013 05:00:00,2415
01/15/2013 06:00:00,2718
01/15/2013 07:00:00,2788
01/15/2013 08:00:00,2696
01/15/2013 09:00:00,2584
01/15/2013 10:00:00,2703
01/15/2013 11:00:00,2490
01/15/2013 12:00:00,2307
01/15/2013 13:00:00,2326
01/15/2013 14:00:00,2375
01/15/2013 15:00:00,2342
01/15/2013 16:00:00,2335
01/15/2013 17:00:00,2509
01/15/2013 18:00:00,2620
01/15/2013 19:00:00,2770
01/15/2013 20:00:00,2651
01/15/2013 21:00:00,2422
01/15/2013 22:00:00,2540
01/15/2013 23:00:00,2277
01/16/2013 00:00:00,2252
01/16/2013 01:00:00,2085
01/16/2013 02:00:00,2028
01/16/2013 03:00:00,2005
01/16/2013 04:00:00,2110
01/16/2013 05:00:00,2143
01/16/2013 06:00:00,2347
01/16/2013 07:00:00,2416
01/16/2013 08:00:00,2489
01/16/2013 09:00:00,2340
01/16/2013 10:00:00,2311
01/16/2013 11:00:00,2354
01/16/2013 12:00:00,2283
01/16/2013 13:00:00,2256
01/16/2013 14:00:00,2154
01/16/2013 15:00:00,2273
01/16/2013 16:00:00,2381
01/16/2013 17:00:00,2395
01/16/2013 18:00:00,2695
01/16/2013 19:00:00,2602
01/16/2013 20:00:00,2661
01/16/2013 21:00:00,2490
01/16/2013 22:00:00,2448
01/16/2013 23:00:00,2276
01/17/2013 00:00:00,2203
01/17/2013 01:00:00,2091
01/17/2013 02:00:00,1918
01/17/2013 03:00:00,2027
01/17/2013 04:00:00,2049
01/17/2013 05:00:00,2113
01/17/2013 06:00:00,2573
01/17/2013 07:00:00,2530
01/17/2013 08:00:00,2351
01/17/2013 09:00:00,2233
01/17/2013 10:00:00,2062
01/17/2013 11:00:00,2165
01/17/2013 12:00:00,2040
01/17/2013 13:00:00,1887
01/17/2013 14:00:00,1832
01/17/2013 15:00:00,1725
01/17/2013 16:00:00,1706
01/17/2013 17:00:00,2087
01/17/2013 18:00:00,2280
01/17/2013 19:00:00,2365
01/17/2013 20:00:00,2496
01/17/2013 21:00:00,2476
01/17/2013 22:00:00,2353
01/17/2013 23:00:00,2186
01/18/2013 00:00:00,2094
01/18/2013 01:00:00,2058
01/18/2013 02:00:00,2175
01/18/2013 03:00:00,2033
01/18/2013 04:00:00,2337
01/18/2013 05:00:00,2288
01/18/2013 06:00:00,2457
01/18/2013 07:00:00,2964
01/18/2013 08:00:00,2690
01/18/2013 09:00:00,2394
01/18/2013 10:00:00,2156
01/18/2013 11:00:00,2207
01/18/2013 12:00:00,1929
01/18/2013 13:00:00,1933
01/18/2013 14:00:00,1690
01/18/2013 15:00:00,1837
01/18/2013 16:00:00,1838
01/18/2013 17:00:00,1826
01/18/2013 18:00:00,2287
01/18/2013 19:00:00,2469
01/18/2013 20:00:00,2499
01/18/2013 21:00:00,2353
01/18/2013 22:00:00,2217
01/18/2013 23:00:00,2097
01/19/2013 00:00:00,2128
01/19/2013 01:00:00,2070
01/19/2013 02:00:00,1992
01/19/2013 03:00:00,1885
01/19/2013 04:00:00,2047
01/19/2013 05:00:00,2021
01/19/2013 06:00:00,2145
01/19/2013 07:00:00,2345
01/19/2013 08:00:00,2351
01/19/2013 09:00:00,2292
01/19/2013 10:00:00,2148
01/19/2013 11:00:00,2123
01/19/2013 12:00:00,1982
01/19/2013 13:00:00,1860
01/19/2013 14:00:00,1652
01/19/2013 15:00:00,1653
01/19/2013 16:00:00,1744
01/19/2013 17:00:00,1768
01/19/2013 18:00:00,1924
01/19/2013 19:00:00,2033
01/19/2013 20:00:00,1910
01/19/2013 21:00:00,1976
01/19/2013 22:00:00,1982
01/19/2013 23:00:00,1831
01/20/2013 00:00:00,1685
01/20/2013 01:00:00,1545
01/20/2013 02:00:00,1537
01/20/2013 03:00:00,1580
01/20/2013 04:00:00,1498
01/20/2013 05:00:00,1647
01/20/2013 06:00:00,1659
01/20/2013 07:00:00,1825
01/20/2013 08:00:00,2099
01/20/2013 09:00:00,2084
01/20/2013 10:00:00,2033
01/20/2013 11:00:00,1843
01/20/2013 12:00:00,1837
01/20/2013 13:00:00,1983
01/20/2013 14:00:00,1746
01/20/2013 15:00:00,1614
01/20/2013 16:00:00,1701
01/20/2013 17:00:00,1785
01/20/2013 18:00:00,2241
01/20/2013 19:00:00,2428
01/20/2013 20:00:00,2338
01/20/2013 21:00:00,2316
01/20/2013 22:00:00,2235
01/20/2013 23:00:00,2157
01/21/2013 00:00:00,2115
01/21/2013 01:00:00,2136
01/21/2013 02:00:00,2272
01/21/2013 03:00:00,2166
01/21/2013 04:00:00,2144
01/21/2013 05:00:00,2255
01/21/2013 06:00:00,2439
01/21/2013 07:00:00,2524
01/21/2013 08:00:00,2666
01/21/2013 09:00:00,2652
01/21/2013 10:00:00,2428
01/21/2013 11:00:00,2582
01/21/2013 12:00:00,2726
01/21/2013 13:00:00,2845
01/21/2013 14:00:00,2638
01/21/2013 15:00:00,2615
01/21/2013 16:00:00,2546
01/21/2013 17:00:00,2811
01/21/2013 18:00:00,3137
01/21/2013 19:00:00,3280
01/21/2013 20:00:00,3329
01/21/2013 21:00:00,3279
01/21/2013 22:00:00,3257
01/21/2013 23:00:00,3238
01/22/2013 00:00:00,3066
01/22/2013 01:00:00,3058
01/22/2013 02:00:00,2895
01/22/2013 03:00:00,2936
01/22/2013 04:00:00,2981
01/22/2013 05:00:00,3140
01/22/2013 06:00:00,3566
01/22/2013 07:00:00,3476
01/22/2013 08:00:00,3336
01/22/2013 09:00:00,3253
01/22/2013 10:00:00,3067
01/22/2013 11:00:00,2788
01/22/2013 12:00:00,2693
01/22/2013 13:00:00,2575
01/22/2013 14:00:00,2592
01/22/2013 15:00:00,2539
01/22/2013 16:00:00,2683
01/22/2013 17:00:00,2918
01/22/2013 18:00:00,3089
01/22/2013 19:00:00,3155
01/22/2013 20:00:00,3289
01/22/2013 21:00:00,3329
01/22/2013 22:00:00,2966
01/22/2013 23:00:00,2931
01/23/2013 00:00:00,2921
01/23/2013 01:00:00,2652
01/23/2013 02:00:00,2747
01/23/2013 03:00:00,2818
01/23/2013 04:00:00,2915
01/23/2013 05:00:00,2899
01/23/2013 06:00:00,3195
01/23/2013 07:00:00,3436
01/23/2013 08:00:00,3186
01/23/2013 09:00:00,3061
01/23/2013 10:00:00,3040
01/23/2013 11:00:00,3001
01/23/2013 12:00:00,2845
01/23/2013 13:00:00,2666
01/23/2013 14:00:00,2776
01/23/2013 15:00:00,2487
01/23/2013 16:00:00,2676
01/23/2013 17:00:00,2726
01/23/2013 18:00:00,2864
01/23/2013 19:00:00,2843
01/23/2013 20:00:00,2847
01/23/2013 21:00:00,2770
01/23/2013 22:00:00,2775
01/23/2013 23:00:00,2606
01/24/2013 00:00:00,2620
01/24/2013 01:00:00,2378
01/24/2013 02:00:00,2532
01/24/2013 03:00:00,2687
01/24/2013 04:00:00,2554
01/24/2013 05:00:00,2923
01/24/2013 06:00:00,3106
01/24/2013 07:00:00,3173
01/24/2013 08:00:00,3037
01/24/2013 09:00:00,2829
01/24/2013 10:00:00,2730
01/24/2013 11:00:00,2649
01/24/2013 12:00:00,2510
01/24/2013 13:00:00,2307
01/24/2013 14:00:00,2321
01/24/2013 15:00:00,2380
01/24/2013 16:00:00,2233
01/24/2013 17:00:00,2628
01/24/2013 18:00:00,2836
01/24/2013 19:00:00,2911
01/24/2013 20:00:00,3006
01/24/2013 21:00:00,2881
01/24/2013 22:00:00,2855
01/24/2013 23:00:00,2647
01/25/2013 00:00:00,2605
01/25/2013 01:00:00,2679
01/25/2013 02:00:00,2682
01/25/2013 03:00:00,2604
01/25/2013 04:00:00,2683
01/25/2013 05:00:00,2838
01/25/2013 06:00:00,2873
01/25/2013 07:00:00,2990
01/25/2013 08:00:00,2890
01/25/2013 09:00:00,2928
01/25/2013 10:00:00,2988
01/25/2013 11:00:00,2929
01/25/2013 12:00:00,2896
01/25/2013 13:00:00,2736
01/25/2013 14:00:00,2713
01/25/2013 15:00:00,2666
01/25/2013 16:00:00,2578
01/25/2013 17:00:00,2589
01/25/2013 18:00:00,3010
01/25/2013 19:00:00,2801
01/25/2013 20:00:00,2636
01/25/2013 21:00:00,2632
01/25/2013 22:00:00,2558
01/25/2013 23:00:00,2368
01/26/2013 00:00:00,2502
01/26/2013 01:00:00,2674
01/26/2013 02:00:00,2616
01/26/2013 03:00:00,2675
01/26/2013 04:00:00,2709
01/26/2013 05:00:00,2686
01/26/2013 06:00:00,2778
01/26/2013 07:00:00,2861
01/26/2013 08:00:00,2819
01/26/2013 09:00:00,2770
01/26/2013 10:00:00,2665
01/26/2013 11:00:00,2541
01/26/2013 12:00:00,2447
01/26/2013 13:00:00,2267
01/26/2013 14:00:00,2065
01/26/2013 15:00:00,1946
01/26/2013 16:00:00,1988
01/26/2013 17:00:00,2021
01/26/2013 18:00:00,2309
01/26/2013 19:00:00,2721
01/26/2013 20:00:00,2584
01/26/2013 21:00:00,2528
01/26/2013 22:00:00,2595
01/26/2013 23:00:00,2293
01/27/2013 00:00:00,2414
01/27/2013 01:00:00,2301
01/27/2013 02:00:00,2484
01/27/2013 03:00:00,2369
01/27/2013 04:00:00,2414
01/27/2013 05:00:00,2444
01/27/2013 06:00:00,2545
01/27/2013 07:00:00,2413
01/27/2013 08:00:00,2722
01/27/2013 09:00:00,2783
01/27/2013 10:00:00,2744
01/27/2013 11:00:00,2415
01/27/2013 12:00:00,2395
01/27/2013 13:00:00,2247
01/27/2013 14:00:00,2241
01/27/2013 15:00:00,2229
01/27/2013 16:00:00,2260
01/27/2013 17:00:00,2240
01/27/2013 18:00:00,2440
01/27/2013 19:00:00,2359
01/27/2013 20:00:00,2371
01/27/2013 21:00:00,2292
01/27/2013 22:00:00,2228
01/27/2013 23:00:00,1856
01/28/2013 00:00:00,1824
01/28/2013 01:00:00,1852
01/28/2013 02:00:00,1743
01/28/2013 03:00:00,1771
01/28/2013 04:00:00,1690
01/28/2013 05:00:00,1859
01/28/2013 06:00:00,1991
01/28/2013 07:00:00,2170
01/28/2013 08:00:00,1957
01/28/2013 09:00:00,1829
01/28/2013 10:00:00,1898
01/28/2013 11:00:00,1780
01/28/2013 12:00:00,1707
01/28/2013 13:00:00,1924
01/28/2013 14:00:00,1782
01/28/2013 15:00:00,1813
01/28/2013 16:00:00,1983
01/28/2013 17:00:00,1876
01/28/2013 18:00:00,2083
01/28/2013 19:00:00,2077
01/28/2013 20:00:00,2032
01/28/2013 21:00:00,1945
01/28/2013 22:00:00,1736
01/28/2013 23:00:00,1577
01/29/2013 00:00:00,1368
01/29/2013 01:00:00,1300
01/29/2013 02:00:00,1226
01/29/2013 03:00:00,1225
01/29/2013 04:00:00,1341
01/29/2013 05:00:00,1363
01/29/2013 06:00:00,1705
01/29/2013 07:00:00,1781
01/29/2013 08:00:00,1665
01/29/2013 09:00:00,1424
01/29/2013 10:00:00,1378
01/29/2013 11:00:00,1297
01/29/2013 12:00:00,1337
01/29/2013 13:00:00,1322
01/29/2013 14:00:00,1342
01/29/2013 15:00:00,1290
01/29/2013 16:00:00,1340
01/29/2013 17:00:00,1556
01/29/2013 18:00:00,1730
01/29/2013 19:00:00,1708
01/29/2013 20:00:00,1631
01/29/2013 21:00:00,1670
01/29/2013 22:00:00,1439
01/29/2013 23:00:00,1283
01/30/2013 00:00:00,1163
01/30/2013 01:00:00,1038
01/30/2013 02:00:00,999
01/30/2013 03:00:00,1024
01/30/2013 04:00:00,989
01/30/2013 05:00:00,1068
01/30/2013 06:00:00,1302
01/30/2013 07:00:00,1427
01/30/2013 08:00:00,1321
01/30/2013 09:00:00,1349
01/30/2013 10:00:00,1374
01/30/2013 11:00:00,1443
01/30/2013 12:00:00,1447
01/30/2013 13:00:00,1396
01/30/2013 14:00:00,1449
01/30/2013 15:00:00,1463
01/30/2013 16:00:00,1530
01/30/2013 17:00:00,1716
01/30/2013 18:00:00,1778
01/30/2013 19:00:00,1965
01/30/2013 20:00:00,1956
01/30/2013 21:00:00,2235
01/30/2013 22:00:00,2251
01/30/2013 23:00:00,2220
01/31/2013 00:00:00,2088
01/31/2013 01:00:00,2226
01/31/2013 02:00:00,2162
01/31/2013 03:00:00,2291
01/31/2013 04:00:00,2289
01/31/2013 05:00:00,2509
01/31/2013 06:00:00,2833
01/31/2013 07:00:00,2888
01/31/2013 08:00:00,2721
01/31/2013 09:00:00,2897
01/31/2013 10:00:00,2695
01/31/2013 11:00:00,2601
01/31/2013 12:00:00,2473
01/31/2013 13:00:00,2369
01/31/2013 14:00:00,2396
01/31/2013 15:00:00,2192
01/31/2013 16:00:00,2527
01/31/2013 17:00:00,2643
01/31/2013 18:00:00,2781
01/31/2013 19:00:00,2991
01/31/2013 20:00:00,2894
01/31/2013 21:00:00,2636
01/31/2013 22:00:00,2809
01/31/2013 23:00:00,2830
02/01/2013 00:00:00,2839
02/01/2013 01:00:00,2861
02/01/2013 02:00:00,3066
02/01/2013 03:00:00,2900
02/01/2013 04:00:00,3126
02/01/2013 05:00:00,3328
02/01/2013 06:00:00,3455
02/01/2013 07:00:00,3408
02/01/2013 08:00:00,3549
02/01/2013 09:00:00,3271
02/01/2013 10:00:00,3116
02/01/2013 11:00:00,3015
02/01/2013 12:00:00,3090
02/01/2013 13:00:00,2872
02/01/2013 14:00:00,2828
02/01/2013 15:00:00,2838
02/01/2013 16:00:00,2682
02/01/2013 17:00:00,2669
02/01/2013 18:00:00,2972
02/01/2013 19:00:00,3250
02/01/2013 20:00:00,3222
02/01/2013 21:00:00,3304
02/01/2013 22:00:00,3075
02/01/2013 23:00:00,2956
02/02/2013 00:00:00,3102
02/02/2013 01:00:00,3024
02/02/2013 02:00:00,2899
02/02/2013 03:00:00,2909
02/02/2013 04:00:00,2877
02/02/2013 05:00:00,2876
02/02/2013 06:00:00,3029
02/02/2013 07:00:00,2779
02/02/2013 08:00:00,2992
02/02/2013 09:00:00,3001
02/02/2013 10:00:00,3068
02/02/2013 11:00:00,2966
02/02/2013 12:00:00,2867
02/02/2013 13:00:00,2589
02/02/2013 14:00:00,2726
02/02/2013 15:00:00,2422
02/02/2013 16:00:00,2615
02/02/2013 17:00:00,2639
02/02/2013 18:00:00,2874
02/02/2013 19:00:00,2899
02/02/2013 20:00:00,2652
02/02/2013 21:00:00,2773
02/02/2013 22:00:00,2386
02/02/2013 23:00:00,2361
02/03/2013 00:00:00,2030
02/03/2013 01:00:00,2153
02/03/2013 02:00:00,2105
02/03/2013 03:00:00,2260
02/03/2013 04:00:00,2162
02/03/2013 05:00:00,2375
02/03/2013 06:00:00,2417
02/03/2013 07:00:00,2508
02/03/2013 08:00:00,2524
02/03/2013 09:00:00,2581
02/03/2013 10:00:00,2619
02/03/2013 11:00:00,2590
02/03/2013 12:00:00,2431
02/03/2013 13:00:00,2618
02/03/2013 14:00:00,2476
02/03/2013 15:00:00,2658
02/03/2013 16:00:00,2818
02/03/2013 17:00:00,2957
02/03/2013 18:00:00,2812
02/03/2013 19:00:00,2880
02/03/2013 20:00:00,2798
02/03/2013 21:00:00,2682
02/03/2013 22:00:00,2638
02/03/2013 23:00:00,2564
02/04/2013 00:00:00,2604
02/04/2013 01:00:00,2518
02/04/2013 02:00:00,2540
02/04/2013 03:00:00,2575
02/04/2013 04:00:00,2585
02/04/2013 05:00:00,2559
02/04/2013 06:00:00,3037
02/04/2013 07:00:00,3029
02/04/2013 08:00:00,3133
02/04/2013 09:00:00,2683
02/04/2013 10:00:00,2631
02/04/2013 11:00:00,2690
02/04/2013 12:00:00,2541
02/04/2013 13:00:00,2564
02/04/2013 14:00:00,2349
02/04/2013 15:00:00,2245
02/04/2013 16:00:00,2424
02/04/2013 17:00:00,2694
02/04/2013 18:00:00,2574
02/04/2013 19:00:00,2626
02/04/2013 20:00:00,2718
02/04/2013 21:00:00,2538
02/04/2013 22:00:00,2386
02/04/2013 23:00:00,2102
02/05/2013 00:00:00,1978
02/05/2013 01:00:00,1826
02/05/2013 02:00:00,1975
02/05/2013 03:00:00,1981
02/05/2013 04:00:00,2077
02/05/2013 05:00:00,1888
02/05/2013 06:00:00,2290
02/05/2013 07:00:00,2321
02/05/2013 08:00:00,2216
02/05/2013 09:00:00,2086
02/05/2013 10:00:00,2043
02/05/2013 11:00:00,1964
02/05/2013 12:00:00,2096
02/05/2013 13:00:00,1917
02/05/2013 14:00:00,1798
02/05/2013 15:00:00,1887
02/05/2013 16:00:00,1872
02/05/2013 17:00:00,1946
02/05/2013 18:00:00,2260
02/05/2013 19:00:00,2307
02/05/2013 20:00:00,2319
02/05/2013 21:00:00,2281
02/05/2013 22:00:00,2238
02/05/2013 23:00:00,2091
02/06/2013 00:00:00,1894
02/06/2013 01:00:00,1707
02/06/2013 02:00:00,1865
02/06/2013 03:00:00,1791
02/06/2013 04:00:00,1886
02/06/2013 05:00:00,1933
02/06/2013 06:00:00,2220
02/06/2013 07:00:00,2484
02/06/2013 08:00:00,2170
02/06/2013 09:00:00,2216
02/06/2013 10:00:00,1967
02/06/2013 11:00:00,2012
02/06/2013 12:00:00,1953
02/06/2013 13:00:00,1947
02/06/2013 14:00:00,1869
02/06/2013 15:00:00,1899
02/06/2013 16:00:00,1902
02/06/2013 17:00:00,1988
02/06/2013 18:00:00,2087
02/06/2013 19:00:00,2474
02/06/2013 20:00:00,2570
02/06/2013 21:00:00,2542
02/06/2013 22:00:00,2484
02/06/2013 23:00:00,2315
02/07/2013 00:00:00,2030
02/07/2013 01:00:00,2166
02/07/2013 02:00:00,1989
02/07/2013 03:00:00,1938
02/07/2013 04:00:00,2072
02/07/2013 05:00:00,2037
02/07/2013 06:00:00,2556
02/07/2013 07:00:00,2465
02/07/2013 08:00:00,2363
02/07/2013 09:00:00,2289
02/07/2013 10:00:00,1939
02/07/2013 11:00:00,1862
02/07/2013 12:00:00,1577
02/07/2013 13:00:00,1418
02/07/2013 14:00:00,1311
02/07/2013 15:00:00,1281
02/07/2013 16:00:00,1359
02/07/2013 17:00:00,1387
02/07/2013 18:00:00,1461
02/07/2013 19:00:00,1698
02/07/2013 20:00:00,1796
02/07/2013 21:00:00,1857
02/07/2013 22:00:00,1725
02/07/2013 23:00:00,1576
02/08/2013 00:00:00,1343
02/08/2013 01:00:00,1366
02/08/2013 02:00:00,1346
02/08/2013 03:00:00,1335
02/08/2013 04:00:00,1468
02/08/2013 05:00:00,1533
02/08/2013 06:00:00,1938
02/08/2013 07:00:00,2135
02/08/2013 08:00:00,2110
02/08/2013 09:00:00,2186
02/08/2013 10:00:00,2322
02/08/2013 11:00:00,2159
02/08/2013 12:00:00,2220
02/08/2013 13:00:00,2270
02/08/2013 14:00:00,2043
02/08/2013 15:00:00,2067
02/08/2013 16:00:00,2230
02/08/2013 17:00:00,2304
02/08/2013 18:00:00,2337
02/08/2013 19:00:00,2426
02/08/2013 20:00:00,2347
02/08/2013 21:00:00,2379
02/08/2013 22:00:00,2235
02/08/2013 23:00:00,2158
02/09/2013 00:00:00,2039
02/09/2013 01:00:00,2037
02/09/2013 02:00:00,2078
02/09/2013 03:00:00,2029
02/09/2013 04:00:00,2077
02/09/2013 05:00:00,2244
02/09/2013 06:00:00,2346
02/09/2013 07:00:00,2548
02/09/2013 08:00:00,2402
02/09/2013 09:00:00,2364
02/09/2013 10:00:00,2207
02/09/2013 11:00:00,2266
02/09/2013 12:00:00,1878
02/09/2013 13:00:00,1876
02/09/2013 14:00:00,1853
02/09/2013 15:00:00,1793
02/09/2013 16:00:00,1676
02/09/2013 17:00:00,1719
02/09/2013 18:00:00,1911
02/09/2013 19:00:00,2167
02/09/2013 20:00:00,2237
02/09/2013 21:00:00,2233
02/09/2013 22:00:00,2341
02/09/2013 23:00:00,2227
02/10/2013 00:00:00,2102
02/10/2013 01:00:00,1993
02/10/2013 02:00:00,1844
02/10/2013 03:00:00,1913
02/10/2013 04:00:00,1843
02/10/2013 05:00:00,1905
02/10/2013 06:00:00,2083
02/10/2013 07:00:00,2160
02/10/2013 08:00:00,2325
02/10/2013 09:00:00,2158
02/10/2013 10:00:00,2140
02/10/2013 11:00:00,2061
02/10/2013 12:00:00,1956
02/10/2013 13:00:00,1828
02/10/2013 14:00:00,1615
02/10/2013 15:00:00,1668
02/10/2013 16:00:00,1715
02/10/2013 17:00:00,1859
02/10/2013 18:00:00,1967
02/10/2013 19:00:00,2066
02/10/2013 20:00:00,2132
02/10/2013 21:00:00,2032
02/10/2013 22:00:00,1809
02/10/2013 23:00:00,1706
02/11/2013 00:00:00,1542
02/11/2013 01:00:00,1470
02/11/2013 02:00:00,1335
02/11/2013 03:00:00,1417
02/11/2013 04:00:00,1370
02/11/2013 05:00:00,1448
02/11/2013 06:00:00,1726
02/11/2013 07:00:00,1903
02/11/2013 08:00:00,1739
02/11/2013 09:00:00,1557
02/11/2013 10:00:00,1569
02/11/2013 11:00:00,1641
02/11/2013 12:00:00,1477
02/11/2013 13:00:00,1606
02/11/2013 14:00:00,1651
02/11/2013 15:00:00,1508
02/11/2013 16:00:00,1655
02/11/2013 17:00:00,1697
02/11/2013 18:00:00,1807
02/11/2013 19:00:00,2193
02/11/2013 20:00:00,2297
02/11/2013 21:00:00,2225
02/11/2013 22:00:00,2151
02/11/2013 23:00:00,2003
02/12/2013 00:00:00,1824
02/12/2013 01:00:00,1862
02/12/2013 02:00:00,1789
02/12/2013 03:00:00,1827
02/12/2013 04:00:00,2026
02/12/2013 05:00:00,2112
02/12/2013 06:00:00,2125
02/12/2013 07:00:00,2498
02/12/2013 08:00:00,2256
02/12/2013 09:00:00,2004
02/12/2013 10:00:00,1922
02/12/2013 11:00:00,1787
02/12/2013 12:00:00,1511
02/12/2013 13:00:00,1577
02/12/2013 14:00:00,1497
02/12/2013 15:00:00,1483
02/12/2013 16:00:00,1511
02/12/2013 17:00:00,1716
02/12/2013 18:00:00,1738
02/12/2013 19:00:00,2190
02/12/2013 20:00:00,2026
02/12/2013 21:00:00,2075
02/12/2013 22:00:00,1994
02/12/2013 23:00:00,1867
02/13/2013 00:00:00,1649
02/13/2013 01:00:00,1770
02/13/2013 02:00:00,1772
02/13/2013 03:00:00,1781
02/13/2013 04:00:00,1792
02/13/2013 05:00:00,2015
02/13/2013 06:00:00,2177
02/13/2013 07:00:00,2271
02/13/2013 08:00:00,2194
02/13/2013 09:00:00,2113
02/13/2013 10:00:00,2155
02/13/2013 11:00:00,2241
02/13/2013 12:00:00,2241
02/13/2013 13:00:00,2096
02/13/2013 14:00:00,2140
02/13/2013 15:00:00,1970
02/13/2013 16:00:00,2173
02/13/2013 17:00:00,2010
02/13/2013 18:00:00,2173
02/13/2013 19:00:00,2533
02/13/2013 20:00:00,2476
02/13/2013 21:00:00,2381
02/13/2013 22:00:00,2461
02/13/2013 23:00:00,2177
02/14/2013 00:00:00,2073
02/14/2013 01:00:00,2099
02/14/2013 02:00:00,1980
02/14/2013 03:00:00,2142
02/14/2013 04:00:00,2141
02/14/2013 05:00:00,2365
02/14/2013 06:00:00,2447
02/14/2013 07:00:00,2585
02/14/2013 08:00:00,2227
02/14/2013 09:00:00,2299
02/14/2013 10:00:00,2193
02/14/2013 11:00:00,2005
02/14/2013 12:00:00,1956
02/14/2013 13:00:00,1678
02/14/2013 14:00:00,1563
02/14/2013 15:00:00,1480
02/14/2013 16:00:00,1588
02/14/2013 17:00:00,1521
02/14/2013 18:00:00,1831
02/14/2013 19:00:00,1991
02/14/2013 20:00:00,2184
02/14/2013 21:00:00,1956
02/14/2013 22:00:00,2038
02/14/2013 23:00:00,1952
02/15/2013 00:00:00,1844
02/15/2013 01:00:00,1743
02/15/2013 02:00:00,1764
02/15/2013 03:00:00,1851
02/15/2013 04:00:00,1867
02/15/2013 05:00:00,1804
02/15/2013 06:00:00,2191
02/15/2013 07:00:00,2251
02/15/2013 08:00:00,2134
02/15/2013 09:00:00,2062
02/15/2013 10:00:00,1887
02/15/2013 11:00:00,1860
02/15/2013 12:00:00,1855
02/15/2013 13:00:00,1915
02/15/2013 14:00:00,1920
02/15/2013 15:00:00,1813
02/15/2013 16:00:00,1816
02/15/2013 17:00:00,2043
02/15/2013 18:00:00,2335
02/15/2013 19:00:00,2495
02/15/2013 20:00:00,2377
02/15/2013 21:00:00,2356
02/15/2013 22:00:00,2357
02/15/2013 23:00:00,2264
02/16/2013 00:00:00,2282
02/16/2013 01:00:00,2227
02/16/2013 02:00:00,2288
02/16/2013 03:00:00,2304
02/16/2013 04:00:00,2335
02/16/2013 05:00:00,2382
02/16/2013 06:00:00,2519
02/16/2013 07:00:00,2681
02/16/2013 08:00:00,2710
02/16/2013 09:00:00,2430
02/16/2013 10:00:00,2368
02/16/2013 11:00:00,2269
02/16/2013 12:00:00,2169
02/16/2013 13:00:00,2248
02/16/2013 14:00:00,2134
02/16/2013 15:00:00,2329
02/16/2013 16:00:00,2455
02/16/2013 17:00:00,2552
02/16/2013 18:00:00,2571
02/16/2013 19:00:00,2842
02/16/2013 20:00:00,2666
02/16/2013 21:00:00,2812
02/16/2013 22:00:00,2878
02/16/2013 23:00:00,2431
02/17/2013 00:00:00,2400
02/17/2013 01:00:00,2235
02/17/2013 02:00:00,2254
02/17/2013 03:00:00,2219
02/17/2013 04:00:00,2140
02/17/2013 05:00:00,2318
02/17/2013 06:00:00,2456
02/17/2013 07:00:00,2754
02/17/2013 08:00:00,2691
02/17/2013 09:00:00,2745
02/17/2013 10:00:00,2379
02/17/2013 11:00:00,2331
02/17/2013 12:00:00,2165
02/17/2013 13:00:00,2109
02/17/2013 14:00:00,2058
02/17/2013 15:00:00,1818
02/17/2013 16:00:00,1880
02/17/2013 17:00:00,2138
02/17/2013 18:00:00,2236
02/17/2013 19:00:00,2595
02/17/2013 20:00:00,2780
02/17/2013 21:00:00,2626
02/17/2013 22:00:00,2525
02/17/2013 23:00:00,2544
02/18/2013 00:00:00,2563
02/18/2013 01:00:00,2436
02/18/2013 02:00:00,2466
02/18/2013 03:00:00,2400
02/18/2013 04:00:00,2504
02/18/2013 05:00:00,2495
02/18/2013 06:00:00,2597
02/18/2013 07:00:00,2940
02/18/2013 08:00:00,2552
02/18/2013 09:00:00,2358
02/18/2013 10:00:00,2269
02/18/2013 11:00:00,2092
02/18/2013 12:00:00,2055
02/18/2013 13:00:00,1771
02/18/2013 14:00:00,1610
02/18/2013 15:00:00,1689
02/18/2013 16:00:00,1604
02/18/2013 17:00:00,1636
02/18/2013 18:00:00,1795
02/18/2013 19:00:00,2041
02/18/2013 20:00:00,2101
02/18/2013 21:00:00,2044
02/18/2013 22:00:00,1880
02/18/2013 23:00:00,1750
02/19/2013 00:00:00,1640
02/19/2013 01:00:00,1590
02/19/2013 02:00:00,1625
02/19/2013 03:00:00,1587
02/19/2013 04:00:00,1728
02/19/2013 05:00:00,1758
02/19/2013 06:00:00,2200
02/19/2013 07:00:00,2318
02/19/2013 08:00:00,2270
02/19/2013 09:00:00,2365
02/19/2013 10:00:00,2339
02/19/2013 11:00:00,2406
02/19/2013 12:00:00,2340
02/19/2013 13:00:00,2398
02/19/2013 14:00:00,2200
02/19/2013 15:00:00,2221
02/19/2013 16:00:00,2182
02/19/2013 17:00:00,2419
02/19/2013 18:00:00,2735
02/19/2013 19:00:00,3105
02/19/2013 20:00:00,2965
02/19/2013 21:00:00,3123
02/19/2013 22:00:00,2792
02/19/2013 23:00:00,2704
02/20/2013 00:00:00,2533
02/20/2013 01:00:00,2535
02/20/2013 02:00:00,2536
02/20/2013 03:00:00,2404
02/20/2013 04:00:00,2389
02/20/2013 05:00:00,2543
02/20/2013 06:00:00,2844
02/20/2013 07:00:00,2971
02/20/2013 08:00:00,2642
02/20/2013 09:00:00,2513
02/20/2013 10:00:00,2460
02/20/2013 11:00:00,2325
02/20/2013 12:00:00,2214
02/20/2013 13:00:00,2078
02/20/2013 14:00:00,2065
02/20/2013 15:00:00,1880
02/20/2013 16:00:00,1891
02/20/2013 17:00:00,2188
02/20/2013 18:00:00,2554
02/20/2013 19:00:00,2905
02/20/2013 20:00:00,2856
02/20/2013 21:00:00,2840
02/20/2013 22:00:00,2574
02/20/2013 23:00:00,2499
02/21/2013 00:00:00,2629
02/21/2013 01:00:00,2500
02/21/2013 02:00:00,2366
02/21/2013 03:00:00,2411
02/21/2013 04:00:00,2522
02/21/2013 05:00:00,2572
02/21/2013 06:00:00,3051
02/21/2013 07:00:00,3322
02/21/2013 08:00:00,2955
02/21/2013 09:00:00,2475
02/21/2013 10:00:00,2309
02/21/2013 11:00:00,2127
02/21/2013 12:00:00,2286
02/21/2013 13:00:00,1978
02/21/2013 14:00:00,2099
02/21/2013 15:00:00,1938
02/21/2013 16:00:00,2258
02/21/2013 17:00:00,2400
02/21/2013 18:00:00,2747
02/21/2013 19:00:00,2763
02/21/2013 20:00:00,2654
02/21/2013 21:00:00,2716
02/21/2013 22:00:00,2645
02/21/2013 23:00:00,2459
02/22/2013 00:00:00,2182
02/22/2013 01:00:00,2285
02/22/2013 02:00:00,2195
02/22/2013 03:00:00,2201
02/22/2013 04:00:00,2223
02/22/2013 05:00:00,2207
02/22/2013 06:00:00,2446
02/22/2013 07:00:00,2548
02/22/2013 08:00:00,2354
02/22/2013 09:00:00,2472
02/22/2013 10:00:00,2417
02/22/2013 11:00:00,2308
02/22/2013 12:00:00,2179
02/22/2013 13:00:00,1976
02/22/2013 14:00:00,1904
02/22/2013 15:00:00,1825
02/22/2013 16:00:00,1826
02/22/2013 17:00:00,1921
02/22/2013 18:00:00,2008
02/22/2013 19:00:00,2134
02/22/2013 20:00:00,2085
02/22/2013 21:00:00,2101
02/22/2013 22:00:00,2051
02/22/2013 23:00:00,2162
02/23/2013 00:00:00,1983
02/23/2013 01:00:00,2008
02/23/2013 02:00:00,1865
02/23/2013 03:00:00,1828
02/23/2013 04:00:00,1880
02/23/2013 05:00:00,1923
02/23/2013 06:00:00,2081
02/23/2013 07:00:00,2218
02/23/2013 08:00:00,2283
02/23/2013 09:00:00,2157
02/23/2013 10:00:00,1963
02/23/2013 11:00:00,1964
02/23/2013 12:00:00,1691
02/23/2013 13:00:00,1656
02/23/2013 14:00:00,1577
02/23/2013 15:00:00,1502
02/23/2013 16:00:00,1502
02/23/2013 17:00:00,1651
02/23/2013 18:00:00,1738
02/23/2013 19:00:00,1966
02/23/2013 20:00:00,2150
02/23/2013 21:00:00,2001
02/23/2013 22:00:00,2167
02/23/2013 23:00:00,1941
02/24/2013 00:00:00,1942
02/24/2013 01:00:00,2131
02/24/2013 02:00:00,2058
02/24/2013 03:00:00,2190
02/24/2013 04:00:00,2022
02/24/2013 05:00:00,2179
02/24/2013 06:00:00,2222
02/24/2013 07:00:00,2314
02/24/2013 08:00:00,2408
02/24/2013 09:00:00,2460
02/24/2013 10:00:00,2159
02/24/2013 11:00:00,2001
02/24/2013 12:00:00,1747
02/24/2013 13:00:00,1733
02/24/2013 14:00:00,1626
02/24/2013 15:00:00,1653
02/24/2013 16:00:00,1669
02/24/2013 17:00:00,1783
02/24/2013 18:00:00,1805
02/24/2013 19:00:00,2139
02/24/2013 20:00:00,2297
02/24/2013 21:00:00,2195
02/24/2013 22:00:00,2142
02/24/2013 23:00:00,2250
02/25/2013 00:00:00,2066
02/25/2013 01:00:00,1919
02/25/2013 02:00:00,2055
02/25/2013 03:00:00,2142
02/25/2013 04:00:00,2055
02/25/2013 05:00:00,2215
02/25/2013 06:00:00,2518
02/25/2013 07:00:00,2669
02/25/2013 08:00:00,2331
02/25/2013 09:00:00,2238
02/25/2013 10:00:00,2073
02/25/2013 11:00:00,1940
02/25/2013 12:00:00,1922
02/25/2013 13:00:00,1723
02/25/2013 14:00:00,1606
02/25/2013 15:00:00,1527
02/25/2013 16:00:00,1632
02/25/2013 17:00:00,1614
02/25/2013 18:00:00,1902
02/25/2013 19:00:00,2173
02/25/2013 20:00:00,2390
02/25/2013 21:00:00,2235
02/25/2013 22:00:00,2209
02/25/2013 23:00:00,2099
02/26/2013 00:00:00,2010
02/26/2013 01:00:00,1902
02/26/2013 02:00:00,1781
02/26/2013 03:00:00,1891
02/26/2013 04:00:00,1770
02/26/2013 05:00:00,2027
02/26/2013 06:00:00,2125
02/26/2013 07:00:00,2054
02/26/2013 08:00:00,2037
02/26/2013 09:00:00,2231
02/26/2013 10:00:00,1998
02/26/2013 11:00:00,1918
02/26/2013 12:00:00,1815
02/26/2013 13:00:00,1862
02/26/2013 14:00:00,1786
02/26/2013 15:00:00,1788
02/26/2013 16:00:00,1812
02/26/2013 17:00:00,1957
02/26/2013 18:00:00,2116
02/26/2013 19:00:00,2184
02/26/2013 20:00:00,2223
02/26/2013 21:00:00,2011
02/26/2013 22:00:00,2011
02/26/2013 23:00:00,1853
02/27/2013 00:00:00,1722
02/27/2013 01:00:00,1837
02/27/2013 02:00:00,1755
02/27/2013 03:00:00,1696
02/27/2013 04:00:00,1726
02/27/2013 05:00:00,1902
02/27/2013 06:00:00,2086
02/27/2013 07:00:00,2303
02/27/2013 08:00:00,2088
02/27/2013 09:00:00,2233
02/27/2013 10:00:00,2233
02/27/2013 11:00:00,2189
02/27/2013 12:00:00,2185
02/27/2013 13:00:00,2238
02/27/2013 14:00:00,2272
02/27/2013 15:00:00,2078
02/27/2013 16:00:00,2217
02/27/2013 17:00:00,2446
02/27/2013 18:00:00,2453
02/27/2013 19:00:00,2610
02/27/2013 20:00:00,2628
02/27/2013 21:00:00,2550
02/27/2013 22:00:00,2421
02/27/2013 23:00:00,2134
02/28/2013 00:00:00,2101
02/28/2013 01:00:00,2055
02/28/2013 02:00:00,2070
02/28/2013 03:00:00,2205
02/28/2013 04:00:00,2085
02/28/2013 05:00:00,2097
02/28/2013 06:00:00,2367
02/28/2013 07:00:00,2423
02/28/2013 08:00:00,2470
02/28/2013 09:00:00,2341
02/28/2013 10:00:00,2298
02/28/2013 11:00:00,2424
02/28/2013 12:00:00,2343
02/28/2013 13:00:00,2400
02/28/2013 14:00:00,2332
02/28/2013 15:00:00,2367
02/28/2013 16:00:00,2289
02/28/2013 17:00:00,2346
02/28/2013 18:00:00,2503
02/28/2013 19:00:00,2486
02/28/2013 20:00:00,2693
02/28/2013 21:00:00,2380
02/28/2013 22:00:00,2313
02/28/2013 23:00:00,2096
03/01/2013 00:00:00,1912
03/01/2013 01:00:00,2043
03/01/2013 02:00:00,1858
03/01/2013 03:00:00,1927
03/01/2013 04:00:00,1928
03/01/2013 05:00:00,1813
03/01/2013 06:00:00,2291
03/01/2013 07:00:00,2341
03/01/2013 08:00:00,2270
03/01/2013 09:00:00,2175
03/01/2013 10:00:00,2219
03/01/2013 11:00:00,2215
03/01/2013 12:00:00,2082
03/01/2013 13:00:00,1927
03/01/2013 14:00:00,1885
03/01/2013 15:00:00,1904
03/01/2013 16:00:00,2091
03/01/2013 17:00:00,2188
03/01/2013 18:00:00,2411
03/01/2013 19:00:00,2378
03/01/2013 20:00:00,2254
03/01/2013 21:00:00,2290
03/01/2013 22:00:00,2398
03/01/2013 23:00:00,2130
03/02/2013 00:00:00,2167
03/02/2013 01:00:00,2051
03/02/2013 02:00:00,2064
03/02/2013 03:00:00,2078
03/02/2013 04:00:00,2078
03/02/2013 05:00:00,2137
03/02/2013 06:00:00,2315
03/02/2013 07:00:00,2415
03/02/2013 08:00:00,2426
03/02/2013 09:00:00,2642
03/02/2013 10:00:00,2582
03/02/2013 11:00:00,2645
03/02/2013 12:00:00,2722
03/02/2013 13:00:00,2491
03/02/2013 14:00:00,2350
03/02/2013 15:00:00,2438
03/02/2013 16:00:00,2596
03/02/2013 17:00:00,2565
03/02/2013 18:00:00,2582
03/02/2013 19:00:00,2649
03/02/2013 20:00:00,2545
03/02/2013 21:00:00,2595
03/02/2013 22:00:00,2503
03/02/2013 23:00:00,2328
03/03/2013 00:00:00,2303
03/03/2013 01:00:00,2298
03/03/2013 02:00:00,2184
03/03/2013 03:00:00,2215
03/03/2013 04:00:00,2043
03/03/2013 05:00:00,2294
03/03/2013 06:00:00,2347
03/03/2013 07:00:00,2265
03/03/2013 08:00:00,2456
03/03/2013 09:00:00,2661
03/03/2013 10:00:00,2407
03/03/2013 11:00:00,2527
03/03/2013 12:00:00,2305
03/03/2013 13:00:00,2421
03/03/2013 14:00:00,2311
03/03/2013 15:00:00,2216
03/03/2013 16:00:00,2217
03/03/2013 17:00:00,2366
03/03/2013 18:00:00,2271
03/03/2013 19:00:00,2551
03/03/2013 20:00:00,2912
03/03/2013 21:00:00,2711
03/03/2013 22:00:00,2498
03/03/2013 23:00:00,2389
03/04/2013 00:00:00,2476
03/04/2013 01:00:00,2411
03/04/2013 02:00:00,2487
03/04/2013 03:00:00,2430
03/04/2013 04:00:00,2426
03/04/2013 05:00:00,2491
03/04/2013 06:00:00,2725
03/04/2013 07:00:00,2906
03/04/2013 08:00:00,2698
03/04/2013 09:00:00,2394
03/04/2013 10:00:00,2056
03/04/2013 11:00:00,1999
03/04/2013 12:00:00,1852
03/04/2013 13:00:00,1694
03/04/2013 14:00:00,1599
03/04/2013 15:00:00,1574
03/04/2013 16:00:00,1781
03/04/2013 17:00:00,2043
03/04/2013 18:00:00,2102
03/04/2013 19:00:00,2375
03/04/2013 20:00:00,2520
03/04/2013 21:00:00,2360
03/04/2013 22:00:00,1986
03/04/2013 23:00:00,1941
03/05/2013 00:00:00,1895
03/05/2013 01:00:00,1793
03/05/2013 02:00:00,1759
03/05/2013 03:00:00,1936
03/05/2013 04:00:00,1771
03/05/2013 05:00:00,1924
03/05/2013 06:00:00,2167
03/05/2013 07:00:00,2419
03/05/2013 08:00:00,2100
03/05/2013 09:00:00,2140
03/05/2013 10:00:00,2081
03/05/2013 11:00:00,1972
03/05/2013 12:00:00,1924
03/05/2013 13:00:00,2001
03/05/2013 14:00:00,1904
03/05/2013 15:00:00,2072
03/05/2013 16:00:00,1984
03/05/2013 17:00:00,2143
03/05/2013 18:00:00,2370
03/05/2013 19:00:00,2611
03/05/2013 20:00:00,2672
03/05/2013 21:00:00,2704
03/05/2013 22:00:00,2565
03/05/2013 23:00:00,2547
03/06/2013 00:00:00,2401
03/06/2013 01:00:00,2434
03/06/2013 02:00:00,2340
03/06/2013 03:00:00,2368
03/06/2013 04:00:00,2420
03/06/2013 05:00:00,2383
03/06/2013 06:00:00,2470
03/06/2013 07:00:00,2708
03/06/2013 08:00:00,2569
03/06/2013 09:00:00,2566
03/06/2013 10:00:00,2737
03/06/2013 11:00:00,2773
03/06/2013 12:00:00,2450
03/06/2013 13:00:00,2620
03/06/2013 14:00:00,2373
03/06/2013 15:00:00,2458
03/06/2013 16:00:00,2469
03/06/2013 17:00:00,2545
03/06/2013 18:00:00,2596
03/06/2013 19:00:00,2834
03/06/2013 20:00:00,2739
03/06/2013 21:00:00,2634
03/06/2013 22:00:00,2522
03/06/2013 23:00:00,2285
03/07/2013 00:00:00,2167
03/07/2013 01:00:00,2083
03/07/2013 02:00:00,1983
03/07/2013 03:00:00,2058
03/07/2013 04:00:00,2025
03/07/2013 05:00:00,2324
03/07/2013 06:00:00,2524
03/07/2013 07:00:00,2590
03/07/2013 08:00:00,2466
03/07/2013 09:00:00,2402
03/07/2013 10:00:00,2246
03/07/2013 11:00:00,2073
03/07/2013 12:00:00,2006
03/07/2013 13:00:00,2044
03/07/2013 14:00:00,1967
03/07/2013 15:00:00,1826
03/07/2013 16:00:00,1913
03/07/2013 17:00:00,2103
03/07/2013 18:00:00,2132
03/07/2013 19:00:00,2274
03/07/2013 20:00:00,2318
03/07/2013 21:00:00,2317
03/07/2013 22:00:00,2290
03/07/2013 23:00:00,2046
03/08/2013 00:00:00,1900
03/08/2013 01:00:00,1976
03/08/2013 02:00:00,1947
03/08/2013 03:00:00,1958
03/08/2013 04:00:00,2118
03/08/2013 05:00:00,2120
03/08/2013 06:00:00,2638
03/08/2013 07:00:00,2493
03/08/2013 08:00:00,2606
03/08/2013 09:00:00,2174
03/08/2013 10:00:00,1893
03/08/2013 11:00:00,1852
03/08/2013 12:00:00,1675
03/08/2013 13:00:00,1584
03/08/2013 14:00:00,1665
03/08/2013 15:00:00,1572
03/08/2013 16:00:00,1468
03/08/2013 17:00:00,1680
03/08/2013 18:00:00,1636
03/08/2013 19:00:00,1903
03/08/2013 20:00:00,1974
03/08/2013 21:00:00,2187
03/08/2013 22:00:00,2132
03/08/2013 23:00:00,2016
03/09/2013 00:00:00,2054
03/09/2013 01:00:00,1912
03/09/2013 02:00:00,1934
03/09/2013 03:00:00,2034
03/09/2013 04:00:00,2096
03/09/2013 05:00:00,2063
03/09/2013 06:00:00,2199
03/09/2013 07:00:00,2338
03/09/2013 08:00:00,2465
03/09/2013 09:00:00,2126
03/09/2013 10:00:00,2036
03/09/2013 11:00:00,1748
03/09/2013 12:00:00,1670
03/09/2013 13:00:00,1485
03/09/2013 14:00:00,1500
03/09/2013 15:00:00,1353
03/09/2013 16:00:00,1338
03/09/2013 17:00:00,1413
03/09/2013 18:00:00,1484
03/09/2013 19:00:00,1733
03/09/2013 20:00:00,1677
03/09/2013 21:00:00,1744
03/09/2013 22:00:00,1500
03/09/2013 23:00:00,1447
03/10/2013 00:00:00,1397
03/10/2013 01:00:00,1301
03/10/2013 03:00:00,1306
03/10/2013 04:00:00,1337
03/10/2013 05:00:00,1402
03/10/2013 06:00:00,1393
03/10/2013 07:00:00,1471
03/10/2013 08:00:00,1556
03/10/2013 09:00:00,1669
03/10/2013 10:00:00,1605
03/10/2013 11:00:00,1552
03/10/2013 12:00:00,1530
03/10/2013 13:00:00,1485
03/10/2013 14:00:00,1422
03/10/2013 15:00:00,1392
03/10/2013 16:00:00,1357
03/10/2013 17:00:00,1404
03/10/2013 18:00:00,1448
03/10/2013 19:00:00,1539
03/10/2013 20:00:00,1648
03/10/2013 21:00:00,1800
03/10/2013 22:00:00,1654
03/10/2013 23:00:00,1406
03/11/2013 00:00:00,1284
03/11/2013 01:00:00,1068
03/11/2013 02:00:00,1084
03/11/2013 03:00:00,1098
03/11/2013 04:00:00,1173
03/11/2013 05:00:00,1233
03/11/2013 06:00:00,1554
03/11/2013 07:00:00,1667
03/11/2013 08:00:00,1554
03/11/2013 09:00:00,1491
03/11/2013 10:00:00,1555
03/11/2013 11:00:00,1415
03/11/2013 12:00:00,1479
03/11/2013 13:00:00,1512
03/11/2013 14:00:00,1597
03/11/2013 15:00:00,1642
03/11/2013 16:00:00,1813
03/11/2013 17:00:00,1794
03/11/2013 18:00:00,1944
03/11/2013 19:00:00,1954
03/11/2013 20:00:00,2230
03/11/2013 21:00:00,2302
03/11/2013 22:00:00,2043
03/11/2013 23:00:00,1815
03/12/2013 00:00:00,1804
03/12/2013 01:00:00,1644
03/12/2013 02:00:00,1667
03/12/2013 03:00:00,1692
03/12/2013 04:00:00,1900
03/12/2013 05:00:00,2069
03/12/2013 06:00:00,2085
03/12/2013 07:00:00,2244
03/12/2013 08:00:00,2016
03/12/2013 09:00:00,2087
03/12/2013 10:00:00,2048
03/12/2013 11:00:00,2106
03/12/2013 12:00:00,1769
03/12/2013 13:00:00,1912
03/12/2013 14:00:00,1799
03/12/2013 15:00:00,1764
03/12/2013 16:00:00,1740
03/12/2013 17:00:00,1624
03/12/2013 18:00:00,1731
03/12/2013 19:00:00,1842
03/12/2013 20:00:00,2085
03/12/2013 21:00:00,2142
03/12/2013 22:00:00,2182
03/12/2013 23:00:00,1853
03/13/2013 00:00:00,1846
03/13/2013 01:00:00,1730
03/13/2013 02:00:00,1737
03/13/2013 03:00:00,1901
03/13/2013 04:00:00,1855
03/13/2013 05:00:00,1887
03/13/2013 06:00:00,2240
03/13/2013 07:00:00,2580
03/13/2013 08:00:00,2420
03/13/2013 09:00:00,2496
03/13/2013 10:00:00,2147
03/13/2013 11:00:00,2293
03/13/2013 12:00:00,2157
03/13/2013 13:00:00,2226
03/13/2013 14:00:00,2125
03/13/2013 15:00:00,2184
03/13/2013 16:00:00,2354
03/13/2013 17:00:00,2419
03/13/2013 18:00:00,2427
03/13/2013 19:00:00,2499
03/13/2013 20:00:00,2757
03/13/2013 21:00:00,2715
03/13/2013 22:00:00,2568
03/13/2013 23:00:00,2319
03/14/2013 00:00:00,2361
03/14/2013 01:00:00,2141
03/14/2013 02:00:00,2159
03/14/2013 03:00:00,2265
03/14/2013 04:00:00,2388
03/14/2013 05:00:00,2442
03/14/2013 06:00:00,2517
03/14/2013 07:00:00,2864
03/14/2013 08:00:00,2711
03/14/2013 09:00:00,2539
03/14/2013 10:00:00,2297
03/14/2013 11:00:00,2016
03/14/2013 12:00:00,1912
03/14/2013 13:00:00,1725
03/14/2013 14:00:00,1762
03/14/2013 15:00:00,1804
03/14/2013 16:00:00,1800
03/14/2013 17:00:00,1592
03/14/2013 18:00:00,1723
03/14/2013 19:00:00,1919
03/14/2013 20:00:00,2357
03/14/2013 21:00:00,2223
03/14/2013 22:00:00,2122
03/14/2013 23:00:00,2011
03/15/2013 00:00:00,1992
03/15/2013 01:00:00,1888
03/15/2013 02:00:00,1834
03/15/2013 03:00:00,2003
03/15/2013 04:00:00,1967
03/15/2013 05:00:00,2074
03/15/2013 06:00:00,2268
03/15/2013 07:00:00,2433
03/15/2013 08:00:00,2384
03/15/2013 09:00:00,2281
03/15/2013 10:00:00,2067
03/15/2013 11:00:00,1956
03/15/2013 12:00:00,1882
03/15/2013 13:00:00,1702
03/15/2013 14:00:00,1566
03/15/2013 15:00:00,1521
03/15/2013 16:00:00,1441
03/15/2013 17:00:00,1502
03/15/2013 18:00:00,1461
03/15/2013 19:00:00,1658
03/15/2013 20:00:00,1853
03/15/2013 21:00:00,1800
03/15/2013 22:00:00,1616
03/15/2013 23:00:00,1619
03/16/2013 00:00:00,1452
03/16/2013 01:00:00,1524
03/16/2013 02:00:00,1357
03/16/2013 03:00:00,1330
03/16/2013 04:00:00,1460
03/16/2013 05:00:00,1393
03/16/2013 06:00:00,1679
03/16/2013 07:00:00,1826
03/16/2013 08:00:00,1772
03/16/2013 09:00:00,1616
03/16/2013 10:00:00,1798
03/16/2013 11:00:00,1510
03/16/2013 12:00:00,1414
03/16/2013 13:00:00,1328
03/16/2013 14:00:00,1407
03/16/2013 15:00:00,1315
03/16/2013 16:00:00,1324
03/16/2013 17:00:00,1365
03/16/2013 18:00:00,1464
03/16/2013 19:00:00,1517
03/16/2013 20:00:00,1694
03/16/2013 21:00:00,1504
03/16/2013 22:00:00,1645
03/16/2013 23:00:00,1568
03/17/2013 00:00:00,1521
03/17/2013 01:00:00,1380
03/17/2013 02:00:00,1391
03/17/2013 03:00:00,1485
03/17/2013 04:00:00,1556
03/17/2013 05:00:00,1598
03/17/2013 06:00:00,1662
03/17/2013 07:00:00,1861
03/17/2013 08:00:00,2015
03/17/2013 09:00:00,2337
03/17/2013 10:00:00,2173
03/17/2013 11:00:00,2161
03/17/2013 12:00:00,2306
03/17/2013 13:00:00,2280
03/17/2013 14:00:00,2211
03/17/2013 15:00:00,2330
03/17/2013 16:00:00,2329
03/17/2013 17:00:00,2291
03/17/2013 18:00:00,2443
03/17/2013 19:00:00,2357
03/17/2013 20:00:00,2505
03/17/2013 21:00:00,2501
03/17/2013 22:00:00,2489
03/17/2013 23:00:00,2312
03/18/2013 00:00:00,2075
03/18/2013 01:00:00,2119
03/18/2013 02:00:00,2112
03/18/2013 03:00:00,2146
03/18/2013 04:00:00,1966
03/18/2013 05:00:00,1949
03/18/2013 06:00:00,2392
03/18/2013 07:00:00,2569
03/18/2013 08:00:00,2224
03/18/2013 09:00:00,2204
03/18/2013 10:00:00,2130
03/18/2013 11:00:00,2151
03/18/2013 12:00:00,1930
03/18/2013 13:00:00,1863
03/18/2013 14:00:00,1964
03/18/2013 15:00:00,1840
03/18/2013 16:00:00,1783
03/18/2013 17:00:00,1949
03/18/2013 18:00:00,2186
03/18/2013 19:00:00,2201
03/18/2013 20:00:00,2118
03/18/2013 21:00:00,2149
03/18/2013 22:00:00,2165
03/18/2013 23:00:00,1827
03/19/2013 00:00:00,1744
03/19/2013 01:00:00,1707
03/19/2013 02:00:00,1815
03/19/2013 03:00:00,1828
03/19/2013 04:00:00,1792
03/19/2013 05:00:00,1980
03/19/2013 06:00:00,2264
03/19/2013 07:00:00,2541
03/19/2013 08:00:00,2151
03/19/2013 09:00:00,2042
03/19/2013 10:00:00,2128
03/19/2013 11:00:00,2042
03/19/2013 12:00:00,2044
03/19/2013 13:00:00,2021
03/19/2013 14:00:00,1773
03/19/2013 15:00:00,1889
03/19/2013 16:00:00,1881
03/19/2013 17:00:00,1979
03/19/2013 18:00:00,1860
03/19/2013 19:00:00,1990
03/19/2013 20:00:00,2231
03/19/2013 21:00:00,2260
03/19/2013 22:00:00,2357
03/19/2013 23:00:00,2064
03/20/2013 00:00:00,1881
03/20/2013 01:00:00,1907
03/20/2013 02:00:00,1916
03/20/2013 03:00:00,1971
03/20/2013 04:00:00,2086
03/20/2013 05:00:00,2216
03/20/2013 06:00:00,2475
03/20/2013 07:00:00,2570
03/20/2013 08:00:00,2379
03/20/2013 09:00:00,2149
03/20/2013 10:00:00,2166
03/20/2013 11:00:00,2016
03/20/2013 12:00:00,1849
03/20/2013 13:00:00,1838
03/20/2013 14:00:00,1756
03/20/2013 15:00:00,1819
03/20/2013 16:00:00,2024
03/20/2013 17:00:00,1967
03/20/2013 18:00:00,2155
03/20/2013 19:00:00,2384
03/20/2013 20:00:00,2581
03/20/2013 21:00:00,2877
03/20/2013 22:00:00,2627
03/20/2013 23:00:00,2475
03/21/2013 00:00:00,2366
03/21/2013 01:00:00,2263
03/21/2013 02:00:00,2291
03/21/2013 03:00:00,2327
03/21/2013 04:00:00,2465
03/21/2013 05:00:00,2410
03/21/2013 06:00:00,2525
03/21/2013 07:00:00,2844
03/21/2013 08:00:00,2643
03/21/2013 09:00:00,2707
03/21/2013 10:00:00,2430
03/21/2013 11:00:00,2423
03/21/2013 12:00:00,2291
03/21/2013 13:00:00,2260
03/21/2013 14:00:00,2116
03/21/2013 15:00:00,2083
03/21/2013 16:00:00,1895
03/21/2013 17:00:00,2006
03/21/2013 18:00:00,1969
03/21/2013 19:00:00,2108
03/21/2013 20:00:00,2306
03/21/2013 21:00:00,2563
03/21/2013 22:00:00,2603
03/21/2013 23:00:00,2325
03/22/2013 00:00:00,2355
03/22/2013 01:00:00,2209
03/22/2013 02:00:00,2290
03/22/2013 03:00:00,2495
03/22/2013 04:00:00,2404
03/22/2013 05:00:00,2526
03/22/2013 06:00:00,2749
03/22/2013 07:00:00,2909
03/22/2013 08:00:00,2701
03/22/2013 09:00:00,2420
03/22/2013 10:00:00,2208
03/22/2013 11:00:00,1923
03/22/2013 12:00:00,1849
03/22/2013 13:00:00,1881
03/22/2013 14:00:00,1548
03/22/2013 15:00:00,1507
03/22/2013 16:00:00,1519
03/22/2013 17:00:00,1478
03/22/2013 18:00:00,1512
03/22/2013 19:00:00,1704
03/22/2013 20:00:00,1718
03/22/2013 21:00:00,2093
03/22/2013 22:00:00,1984
03/22/2013 23:00:00,1881
03/23/2013 00:00:00,1759
03/23/2013 01:00:00,1770
03/23/2013 02:00:00,1758
03/23/2013 03:00:00,1716
03/23/2013 04:00:00,1759
03/23/2013 05:00:00,1664
03/23/2013 06:00:00,1794
03/23/2013 07:00:00,1993
03/23/2013 08:00:00,2152
03/23/2013 09:00:00,2246
03/23/2013 10:00:00,2267
03/23/2013 11:00:00,2229
03/23/2013 12:00:00,1905
03/23/2013 13:00:00,1727
03/23/2013 14:00:00,1474
03/23/2013 15:00:00,1478
03/23/2013 16:00:00,1342
03/23/2013 17:00:00,1497
03/23/2013 18:00:00,1475
03/23/2013 19:00:00,1539
03/23/2013 20:00:00,1709
03/23/2013 21:00:00,1772
03/23/2013 22:00:00,1731
03/23/2013 23:00:00,1746
03/24/2013 00:00:00,1742
03/24/2013 01:00:00,1461
03/24/2013 02:00:00,1555
03/24/2013 03:00:00,1685
03/24/2013 04:00:00,1747
03/24/2013 05:00:00,1694
03/24/2013 06:00:00,1869
03/24/2013 07:00:00,1897
03/24/2013 08:00:00,2075
03/24/2013 09:00:00,2012
03/24/2013 10:00:00,2270
03/24/2013 11:00:00,2270
03/24/2013 12:00:00,2296
03/24/2013 13:00:00,2369
03/24/2013 14:00:00,2243
03/24/2013 15:00:00,2322
03/24/2013 16:00:00,2328
03/24/2013 17:00:00,2341
03/24/2013 18:00:00,2340
03/24/2013 19:00:00,2422
03/24/2013 20:00:00,2483
03/24/2013 21:00:00,2395
03/24/2013 22:00:00,2273
03/24/2013 23:00:00,1956
03/25/2013 00:00:00,1902
03/25/2013 01:00:00,1826
03/25/2013 02:00:00,1897
03/25/2013 03:00:00,1912
03/25/2013 04:00:00,1952
03/25/2013 05:00:00,2135
03/25/2013 06:00:00,2349
03/25/2013 07:00:00,2534
03/25/2013 08:00:00,2315
03/25/2013 09:00:00,2327
03/25/2013 10:00:00,2320
03/25/2013 11:00:00,2315
03/25/2013 12:00:00,2371
03/25/2013 13:00:00,2401
03/25/2013 14:00:00,2236
03/25/2013 15:00:00,2332
03/25/2013 16:00:00,2287
03/25/2013 17:00:00,2553
03/25/2013 18:00:00,2570
03/25/2013 19:00:00,2503
03/25/2013 20:00:00,2773
03/25/2013 21:00:00,2597
03/25/2013 22:00:00,2335
03/25/2013 23:00:00,2262
03/26/2013 00:00:00,2136
03/26/2013 01:00:00,2042
03/26/2013 02:00:00,1901
03/26/2013 03:00:00,2063
03/26/2013 04:00:00,1956
03/26/2013 05:00:00,2173
03/26/2013 06:00:00,2469
03/26/2013 07:00:00,2426
03/26/2013 08:00:00,2290
03/26/2013 09:00:00,2201
03/26/2013 10:00:00,2293
03/26/2013 11:00:00,2292
03/26/2013 12:00:00,2263
03/26/2013 13:00:00,2098
03/26/2013 14:00:00,2108
03/26/2013 15:00:00,2075
03/26/2013 16:00:00,1999
03/26/2013 17:00:00,2164
03/26/2013 18:00:00,2262
03/26/2013 19:00:00,2236
03/26/2013 20:00:00,2501
03/26/2013 21:00:00,2443
03/26/2013 22:00:00,2418
03/26/2013 23:00:00,2036
03/27/2013 00:00:00,2001
03/27/2013 01:00:00,1963
03/27/2013 02:00:00,1780
03/27/2013 03:00:00,1945
03/27/2013 04:00:00,2001
03/27/2013 05:00:00,2198
03/27/2013 06:00:00,2492
03/27/2013 07:00:00,2481
03/27/2013 08:00:00,2363
03/27/2013 09:00:00,2126
03/27/2013 10:00:00,1963
03/27/2013 11:00:00,1772
03/27/2013 12:00:00,1728
03/27/2013 13:00:00,1813
03/27/2013 14:00:00,1910
03/27/2013 15:00:00,1866
03/27/2013 16:00:00,1877
03/27/2013 17:00:00,2095
03/27/2013 18:00:00,1949
03/27/2013 19:00:00,1914
03/27/2013 20:00:00,2167
03/27/2013 21:00:00,2217
03/27/2013 22:00:00,2269
03/27/2013 23:00:00,2052
03/28/2013 00:00:00,1913
03/28/2013 01:00:00,1821
03/28/2013 02:00:00,1783
03/28/2013 03:00:00,1901
03/28/2013 04:00:00,2062
03/28/2013 05:00:00,2277
03/28/2013 06:00:00,2494
03/28/2013 07:00:00,2590
03/28/2013 08:00:00,2314
03/28/2013 09:00:00,2091
03/28/2013 10:00:00,2067
03/28/2013 11:00:00,1755
03/28/2013 12:00:00,1631
03/28/2013 13:00:00,1462
03/28/2013 14:00:00,1572
03/28/2013 15:00:00,1351
03/28/2013 16:00:00,1320
03/28/2013 17:00:00,1483
03/28/2013 18:00:00,1486
03/28/2013 19:00:00,1563
03/28/2013 20:00:00,1720
03/28/2013 21:00:00,1934
03/28/2013 22:00:00,1924
03/28/2013 23:00:00,1795
03/29/2013 00:00:00,1643
03/29/2013 01:00:00,1584
03/29/2013 02:00:00,1664
03/29/2013 03:00:00,1919
03/29/2013 04:00:00,1937
03/29/2013 05:00:00,1913
03/29/2013 06:00:00,2351
03/29/2013 07:00:00,2422
03/29/2013 08:00:00,2188
03/29/2013 09:00:00,2040
03/29/2013 10:00:00,1764
03/29/2013 11:00:00,1699
03/29/2013 12:00:00,1513
03/29/2013 13:00:00,1417
03/29/2013 14:00:00,1334
03/29/2013 15:00:00,1371
03/29/2013 16:00:00,1308
03/29/2013 17:00:00,1435
03/29/2013 18:00:00,1399
03/29/2013 19:00:00,1411
03/29/2013 20:00:00,1479
03/29/2013 21:00:00,1714
03/29/2013 22:00:00,1631
03/29/2013 23:00:00,1649
03/30/2013 00:00:00,1557
03/30/2013 01:00:00,1531
03/30/2013 02:00:00,1474
03/30/2013 03:00:00,1587
03/30/2013 04:00:00,1658
03/30/2013 05:00:00,1613
03/30/2013 06:00:00,1928
03/30/2013 07:00:00,1885
03/30/2013 08:00:00,2187
03/30/2013 09:00:00,2059
03/30/2013 10:00:00,1943
03/30/2013 11:00:00,1632
03/30/2013 12:00:00,1504
03/30/2013 13:00:00,1447
03/30/2013 14:00:00,1368
03/30/2013 15:00:00,1247
03/30/2013 16:00:00,1237
03/30/2013 17:00:00,1236
03/30/2013 18:00:00,1305
03/30/2013 19:00:00,1513
03/30/2013 20:00:00,1627
03/30/2013 21:00:00,1692
03/30/2013 22:00:00,1526
03/30/2013 23:00:00,1509
03/31/2013 00:00:00,1234
03/31/2013 01:00:00,1184
03/31/2013 02:00:00,1077
03/31/2013 03:00:00,1116
03/31/2013 04:00:00,1187
03/31/2013 05:00:00,1106
03/31/2013 06:00:00,1328
03/31/2013 07:00:00,1251
03/31/2013 08:00:00,1513
03/31/2013 09:00:00,1704
03/31/2013 10:00:00,1679
03/31/2013 11:00:00,1585
03/31/2013 12:00:00,1640
03/31/2013 13:00:00,1578
03/31/2013 14:00:00,1575
03/31/2013 15:00:00,1340
03/31/2013 16:00:00,1252
03/31/2013 17:00:00,1164
03/31/2013 18:00:00,1196
03/31/2013 19:00:00,1140
03/31/2013 20:00:00,1403
03/31/2013 21:00:00,1522
03/31/2013 22:00:00,1452
03/31/2013 23:00:00,1338
04/01/2013 00:00:00,1253
04/01/2013 01:00:00,1387
04/01/2013 02:00:00,1311
04/01/2013 03:00:00,1255
04/01/2013 04:00:00,1370
04/01/2013 05:00:00,1518
04/01/2013 06:00:00,1678
04/01/2013 07:00:00,1809
04/01/2013 08:00:00,1818
04/01/2013 09:00:00,1799
04/01/2013 10:00:00,1925
04/01/2013 11:00:00,1707
04/01/2013 12:00:00,1748
04/01/2013 13:00:00,1670
04/01/2013 14:00:00,1470
04/01/2013 15:00:00,1511
04/01/2013 16:00:00,1577
04/01/2013 17:00:00,1646
04/01/2013 18:00:00,1666
04/01/2013 19:00:00,1741
04/01/2013 20:00:00,1870
04/01/2013 21:00:00,2141
04/01/2013 22:00:00,2089
04/01/2013 23:00:00,1947
04/02/2013 00:00:00,1857
04/02/2013 01:00:00,1819
04/02/2013 02:00:00,1734
04/02/2013 03:00:00,1875
04/02/2013 04:00:00,1849
04/02/2013 05:00:00,1979
04/02/2013 06:00:00,2248
04/02/2013 07:00:00,2266
04/02/2013 08:00:00,2244
04/02/2013 09:00:00,2097
04/02/2013 10:00:00,1995
04/02/2013 11:00:00,1739
04/02/2013 12:00:00,1624
04/02/2013 13:00:00,1655
04/02/2013 14:00:00,1473
04/02/2013 15:00:00,1501
04/02/2013 16:00:00,1434
04/02/2013 17:00:00,1527
04/02/2013 18:00:00,1458
04/02/2013 19:00:00,1770
04/02/2013 20:00:00,1852
04/02/2013 21:00:00,1993
04/02/2013 22:00:00,1967
04/02/2013 23:00:00,1913
04/03/2013 00:00:00,1847
04/03/2013 01:00:00,1783
04/03/2013 02:00:00,1796
04/03/2013 03:00:00,1903
04/03/2013 04:00:00,1956
04/03/2013 05:00:00,2066
04/03/2013 06:00:00,2239
04/03/2013 07:00:00,2338
04/03/2013 08:00:00,2062
04/03/2013 09:00:00,1989
04/03/2013 10:00:00,1785
04/03/2013 11:00:00,1685
04/03/2013 12:00:00,1566
04/03/2013 13:00:00,1529
04/03/2013 14:00:00,1437
04/03/2013 15:00:00,1382
04/03/2013 16:00:00,1404
04/03/2013 17:00:00,1464
04/03/2013 18:00:00,1483
04/03/2013 19:00:00,1623
04/03/2013 20:00:00,1711
04/03/2013 21:00:00,1947
04/03/2013 22:00:00,1855
04/03/2013 23:00:00,1915
04/04/2013 00:00:00,1834
04/04/2013 01:00:00,1673
04/04/2013 02:00:00,1751
04/04/2013 03:00:00,1778
04/04/2013 04:00:00,1684
04/04/2013 05:00:00,1805
04/04/2013 06:00:00,2006
04/04/2013 07:00:00,2007
04/04/2013 08:00:00,2050
04/04/2013 09:00:00,1984
04/04/2013 10:00:00,1924
04/04/2013 11:00:00,1852
04/04/2013 12:00:00,1550
04/04/2013 13:00:00,1524
04/04/2013 14:00:00,1476
04/04/2013 15:00:00,1360
04/04/2013 16:00:00,1209
04/04/2013 17:00:00,1349
04/04/2013 18:00:00,1377
04/04/2013 19:00:00,1445
04/04/2013 20:00:00,1666
04/04/2013 21:00:00,1648
04/04/2013 22:00:00,1629
04/04/2013 23:00:00,1566
04/05/2013 00:00:00,1586
04/05/2013 01:00:00,1527
04/05/2013 02:00:00,1601
04/05/2013 03:00:00,1635
04/05/2013 04:00:00,1844
04/05/2013 05:00:00,1814
04/05/2013 06:00:00,1990
04/05/2013 07:00:00,2129
04/05/2013 08:00:00,2155
04/05/2013 09:00:00,1938
04/05/2013 10:00:00,1741
04/05/2013 11:00:00,1479
04/05/2013 12:00:00,1415
04/05/2013 13:00:00,1290
04/05/2013 14:00:00,1250
04/05/2013 15:00:00,1236
04/05/2013 16:00:00,1154
04/05/2013 17:00:00,1115
04/05/2013 18:00:00,1207
04/05/2013 19:00:00,1136
04/05/2013 20:00:00,1203
04/05/2013 21:00:00,1480
04/05/2013 22:00:00,1374
04/05/2013 23:00:00,1287
04/06/2013 00:00:00,1194
04/06/2013 01:00:00,1159
04/06/2013 02:00:00,1150
04/06/2013 03:00:00,1185
04/06/2013 04:00:00,1272
04/06/2013 05:00:00,1436
04/06/2013 06:00:00,1490
04/06/2013 07:00:00,1580
04/06/2013 08:00:00,1723
04/06/2013 09:00:00,1686
04/06/2013 10:00:00,1523
04/06/2013 11:00:00,1464
04/06/2013 12:00:00,1281
04/06/2013 13:00:00,1259
04/06/2013 14:00:00,1080
04/06/2013 15:00:00,1125
04/06/2013 16:00:00,1295
04/06/2013 17:00:00,1044
04/06/2013 18:00:00,1138
04/06/2013 19:00:00,1188
04/06/2013 20:00:00,1176
04/06/2013 21:00:00,1402
04/06/2013 22:00:00,1205
04/06/2013 23:00:00,1120
04/07/2013 00:00:00,939
04/07/2013 01:00:00,910
04/07/2013 02:00:00,934
04/07/2013 03:00:00,835
04/07/2013 04:00:00,909
04/07/2013 05:00:00,929
04/07/2013 06:00:00,894
04/07/2013 07:00:00,1037
04/07/2013 08:00:00,1193
04/07/2013 09:00:00,1208
04/07/2013 10:00:00,1100
04/07/2013 11:00:00,1076
04/07/2013 12:00:00,1138
04/07/2013 13:00:00,1179
04/07/2013 14:00:00,1080
04/07/2013 15:00:00,1020
04/07/2013 16:00:00,1040
04/07/2013 17:00:00,1212
04/07/2013 18:00:00,1165
04/07/2013 19:00:00,1313
04/07/2013 20:00:00,1349
04/07/2013 21:00:00,1543
04/07/2013 22:00:00,1331
04/07/2013 23:00:00,1142
04/08/2013 00:00:00,947
04/08/2013 01:00:00,750
04/08/2013 02:00:00,769
04/08/2013 03:00:00,750
04/08/2013 04:00:00,717
04/08/2013 05:00:00,798
04/08/2013 06:00:00,1056
04/08/2013 07:00:00,1215
04/08/2013 08:00:00,1085
04/08/2013 09:00:00,1102
04/08/2013 10:00:00,1068
04/08/2013 11:00:00,999
04/08/2013 12:00:00,1075
04/08/2013 13:00:00,1075
04/08/2013 14:00:00,1109
04/08/2013 15:00:00,1180
04/08/2013 16:00:00,1223
04/08/2013 17:00:00,1275
04/08/2013 18:00:00,1356
04/08/2013 19:00:00,1428
04/08/2013 20:00:00,1423
04/08/2013 21:00:00,1522
04/08/2013 22:00:00,1414
04/08/2013 23:00:00,1171
04/09/2013 00:00:00,995
04/09/2013 01:00:00,934
04/09/2013 02:00:00,842
04/09/2013 03:00:00,891
04/09/2013 04:00:00,906
04/09/2013 05:00:00,1022
04/09/2013 06:00:00,1106
04/09/2013 07:00:00,1309
04/09/2013 08:00:00,1114
04/09/2013 09:00:00,1176
04/09/2013 10:00:00,1125
04/09/2013 11:00:00,1098
04/09/2013 12:00:00,1176
04/09/2013 13:00:00,1113
04/09/2013 14:00:00,1171
04/09/2013 15:00:00,1150
04/09/2013 16:00:00,1149
04/09/2013 17:00:00,1249
04/09/2013 18:00:00,1332
04/09/2013 19:00:00,1332
04/09/2013 20:00:00,1341
04/09/2013 21:00:00,1615
04/09/2013 22:00:00,1482
04/09/2013 23:00:00,1209
04/10/2013 00:00:00,1095
04/10/2013 01:00:00,953
04/10/2013 02:00:00,905
04/10/2013 03:00:00,855
04/10/2013 04:00:00,899
04/10/2013 05:00:00,1017
04/10/2013 06:00:00,1208
04/10/2013 07:00:00,1414
04/10/2013 08:00:00,1139
04/10/2013 09:00:00,1187
04/10/2013 10:00:00,1193
04/10/2013 11:00:00,1209
04/10/2013 12:00:00,1164
04/10/2013 13:00:00,1278
04/10/2013 14:00:00,1213
04/10/2013 15:00:00,1252
04/10/2013 16:00:00,1289
04/10/2013 17:00:00,1383
04/10/2013 18:00:00,1444
04/10/2013 19:00:00,1456
04/10/2013 20:00:00,1571
04/10/2013 21:00:00,1737
04/10/2013 22:00:00,1575
04/10/2013 23:00:00,1307
04/11/2013 00:00:00,1138
04/11/2013 01:00:00,971
04/11/2013 02:00:00,882
04/11/2013 03:00:00,909
04/11/2013 04:00:00,923
04/11/2013 05:00:00,1011
04/11/2013 06:00:00,1224
04/11/2013 07:00:00,1326
04/11/2013 08:00:00,1146
04/11/2013 09:00:00,1154
04/11/2013 10:00:00,1119
04/11/2013 11:00:00,1167
04/11/2013 12:00:00,1127
04/11/2013 13:00:00,1147
04/11/2013 14:00:00,1145
04/11/2013 15:00:00,1143
04/11/2013 16:00:00,1200
04/11/2013 17:00:00,1306
04/11/2013 18:00:00,1431
04/11/2013 19:00:00,1517
04/11/2013 20:00:00,1444
04/11/2013 21:00:00,1586
04/11/2013 22:00:00,1320
04/11/2013 23:00:00,1197
04/12/2013 00:00:00,964
04/12/2013 01:00:00,845
04/12/2013 02:00:00,760
04/12/2013 03:00:00,719
04/12/2013 04:00:00,777
04/12/2013 05:00:00,861
04/12/2013 06:00:00,1142
04/12/2013 07:00:00,1359
04/12/2013 08:00:00,1370
04/12/2013 09:00:00,1372
04/12/2013 10:00:00,1439
04/12/2013 11:00:00,1403
04/12/2013 12:00:00,1317
04/12/2013 13:00:00,1284
04/12/2013 14:00:00,1273
04/12/2013 15:00:00,1349
04/12/2013 16:00:00,1323
04/12/2013 17:00:00,1424
04/12/2013 18:00:00,1587
04/12/2013 19:00:00,1462
04/12/2013 20:00:00,1568
04/12/2013 21:00:00,1655
04/12/2013 22:00:00,1686
04/12/2013 23:00:00,1447
04/13/2013 00:00:00,1533
04/13/2013 01:00:00,1382
04/13/2013 02:00:00,1418
04/13/2013 03:00:00,1517
04/13/2013 04:00:00,1526
04/13/2013 05:00:00,1541
04/13/2013 06:00:00,1679
04/13/2013 07:00:00,1668
04/13/2013 08:00:00,1677
04/13/2013 09:00:00,1612
04/13/2013 10:00:00,1621
04/13/2013 11:00:00,1487
04/13/2013 12:00:00,1457
04/13/2013 13:00:00,1395
04/13/2013 14:00:00,1326
04/13/2013 15:00:00,1205
04/13/2013 16:00:00,1189
04/13/2013 17:00:00,1140
04/13/2013 18:00:00,1133
04/13/2013 19:00:00,1153
04/13/2013 20:00:00,1161
04/13/2013 21:00:00,1349
04/13/2013 22:00:00,1462
04/13/2013 23:00:00,1336
04/14/2013 00:00:00,1216
04/14/2013 01:00:00,1094
04/14/2013 02:00:00,1082
04/14/2013 03:00:00,1080
04/14/2013 04:00:00,1224
04/14/2013 05:00:00,1272
04/14/2013 06:00:00,1348
04/14/2013 07:00:00,1385
04/14/2013 08:00:00,1536
04/14/2013 09:00:00,1664
04/14/2013 10:00:00,1400
04/14/2013 11:00:00,1360
04/14/2013 12:00:00,1080
04/14/2013 13:00:00,1007
04/14/2013 14:00:00,1035
04/14/2013 15:00:00,1100
04/14/2013 16:00:00,1030
04/14/2013 17:00:00,1177
04/14/2013 18:00:00,1170
04/14/2013 19:00:00,1255
04/14/2013 20:00:00,1317
04/14/2013 21:00:00,1473
04/14/2013 22:00:00,1308
04/14/2013 23:00:00,1021
04/15/2013 00:00:00,928
04/15/2013 01:00:00,816
04/15/2013 02:00:00,771
04/15/2013 03:00:00,826
04/15/2013 04:00:00,812
04/15/2013 05:00:00,931
04/15/2013 06:00:00,1142
04/15/2013 07:00:00,1230
04/15/2013 08:00:00,1172
04/15/2013 09:00:00,1046
04/15/2013 10:00:00,1034
04/15/2013 11:00:00,1100
04/15/2013 12:00:00,961
04/15/2013 13:00:00,1013
04/15/2013 14:00:00,1000
04/15/2013 15:00:00,1053
04/15/2013 16:00:00,987
04/15/2013 17:00:00,1120
04/15/2013 18:00:00,1138
04/15/2013 19:00:00,1115
04/15/2013 20:00:00,1214
04/15/2013 21:00:00,1431
04/15/2013 22:00:00,1382
04/15/2013 23:00:00,1049
04/16/2013 00:00:00,880
04/16/2013 01:00:00,816
04/16/2013 02:00:00,781
04/16/2013 03:00:00,775
04/16/2013 04:00:00,754
04/16/2013 05:00:00,908
04/16/2013 06:00:00,1102
04/16/2013 07:00:00,1231
04/16/2013 08:00:00,1046
04/16/2013 09:00:00,913
04/16/2013 10:00:00,919
04/16/2013 11:00:00,970
04/16/2013 12:00:00,1027
04/16/2013 13:00:00,1108
04/16/2013 14:00:00,1081
04/16/2013 15:00:00,1022
04/16/2013 16:00:00,1235
04/16/2013 17:00:00,1366
04/16/2013 18:00:00,1436
04/16/2013 19:00:00,1537
04/16/2013 20:00:00,1450
04/16/2013 21:00:00,1526
04/16/2013 22:00:00,1411
04/16/2013 23:00:00,1149
04/17/2013 00:00:00,990
04/17/2013 01:00:00,896
04/17/2013 02:00:00,829
04/17/2013 03:00:00,858
04/17/2013 04:00:00,867
04/17/2013 05:00:00,864
04/17/2013 06:00:00,1124
04/17/2013 07:00:00,1338
04/17/2013 08:00:00,1173
04/17/2013 09:00:00,1108
04/17/2013 10:00:00,1100
04/17/2013 11:00:00,1086
04/17/2013 12:00:00,1073
04/17/2013 13:00:00,1081
04/17/2013 14:00:00,1112
04/17/2013 15:00:00,1109
04/17/2013 16:00:00,1249
04/17/2013 17:00:00,1283
04/17/2013 18:00:00,1402
04/17/2013 19:00:00,1407
04/17/2013 20:00:00,1526
04/17/2013 21:00:00,1531
04/17/2013 22:00:00,1355
04/17/2013 23:00:00,1252
04/18/2013 00:00:00,1020
04/18/2013 01:00:00,902
04/18/2013 02:00:00,764
04/18/2013 03:00:00,797
04/18/2013 04:00:00,822
04/18/2013 05:00:00,823
04/18/2013 06:00:00,1057
04/18/2013 07:00:00,1181
04/18/2013 08:00:00,918
04/18/2013 09:00:00,982
04/18/2013 10:00:00,1051
04/18/2013 11:00:00,1083
04/18/2013 12:00:00,1085
04/18/2013 13:00:00,1097
04/18/2013 14:00:00,1061
04/18/2013 15:00:00,1085
04/18/2013 16:00:00,1213
04/18/2013 17:00:00,1224
04/18/2013 18:00:00,1297
04/18/2013 19:00:00,1263
04/18/2013 20:00:00,1370
04/18/2013 21:00:00,1534
04/18/2013 22:00:00,1430
04/18/2013 23:00:00,1176
04/19/2013 00:00:00,954
04/19/2013 01:00:00,869
04/19/2013 02:00:00,807
04/19/2013 03:00:00,775
04/19/2013 04:00:00,795
04/19/2013 05:00:00,844
04/19/2013 06:00:00,1007
04/19/2013 07:00:00,1141
04/19/2013 08:00:00,1064
04/19/2013 09:00:00,1054
04/19/2013 10:00:00,1116
04/19/2013 11:00:00,1115
04/19/2013 12:00:00,1100
04/19/2013 13:00:00,1230
04/19/2013 14:00:00,1355
04/19/2013 15:00:00,1388
04/19/2013 16:00:00,1316
04/19/2013 17:00:00,1450
04/19/2013 18:00:00,1579
04/19/2013 19:00:00,1620
04/19/2013 20:00:00,1642
04/19/2013 21:00:00,1837
04/19/2013 22:00:00,1707
04/19/2013 23:00:00,1461
04/20/2013 00:00:00,1405
04/20/2013 01:00:00,1408
04/20/2013 02:00:00,1385
04/20/2013 03:00:00,1388
04/20/2013 04:00:00,1269
04/20/2013 05:00:00,1457
04/20/2013 06:00:00,1642
04/20/2013 07:00:00,1739
04/20/2013 08:00:00,1631
04/20/2013 09:00:00,1617
04/20/2013 10:00:00,1429
04/20/2013 11:00:00,1371
04/20/2013 12:00:00,1475
04/20/2013 13:00:00,1333
04/20/2013 14:00:00,1240
04/20/2013 15:00:00,1173
04/20/2013 16:00:00,1210
04/20/2013 17:00:00,1218
04/20/2013 18:00:00,1179
04/20/2013 19:00:00,1178
04/20/2013 20:00:00,1218
04/20/2013 21:00:00,1537
04/20/2013 22:00:00,1412
04/20/2013 23:00:00,1384
04/21/2013 00:00:00,1218
04/21/2013 01:00:00,1272
04/21/2013 02:00:00,1271
04/21/2013 03:00:00,1347
04/21/2013 04:00:00,1297
04/21/2013 05:00:00,1499
04/21/2013 06:00:00,1580
04/21/2013 07:00:00,1715
04/21/2013 08:00:00,1729
04/21/2013 09:00:00,1702
04/21/2013 10:00:00,1551
04/21/2013 11:00:00,1298
04/21/2013 12:00:00,1230
04/21/2013 13:00:00,1295
04/21/2013 14:00:00,1217
04/21/2013 15:00:00,1195
04/21/2013 16:00:00,1137
04/21/2013 17:00:00,1205
04/21/2013 18:00:00,1206
04/21/2013 19:00:00,1236
04/21/2013 20:00:00,1396
04/21/2013 21:00:00,1607
04/21/2013 22:00:00,1471
04/21/2013 23:00:00,1216
04/22/2013 00:00:00,1090
04/22/2013 01:00:00,1062
04/22/2013 02:00:00,1064
04/22/2013 03:00:00,1086
04/22/2013 04:00:00,1097
04/22/2013 05:00:00,1220
04/22/2013 06:00:00,1572
04/22/2013 07:00:00,1732
04/22/2013 08:00:00,1521
04/22/2013 09:00:00,1422
04/22/2013 10:00:00,1225
04/22/2013 11:00:00,1165
04/22/2013 12:00:00,1100
04/22/2013 13:00:00,1022
04/22/2013 14:00:00,975
04/22/2013 15:00:00,941
04/22/2013 16:00:00,1048
04/22/2013 17:00:00,1139
04/22/2013 18:00:00,1093
04/22/2013 19:00:00,1214
04/22/2013 20:00:00,1288
04/22/2013 21:00:00,1386
04/22/2013 22:00:00,1339
04/22/2013 23:00:00,1060
04/23/2013 00:00:00,883
04/23/2013 01:00:00,778
04/23/2013 02:00:00,732
04/23/2013 03:00:00,772
04/23/2013 04:00:00,826
04/23/2013 05:00:00,942
04/23/2013 06:00:00,1123
04/23/2013 07:00:00,1209
04/23/2013 08:00:00,1100
04/23/2013 09:00:00,1091
04/23/2013 10:00:00,1054
04/23/2013 11:00:00,938
04/23/2013 12:00:00,970
04/23/2013 13:00:00,901
04/23/2013 14:00:00,922
04/23/2013 15:00:00,897
04/23/2013 16:00:00,915
04/23/2013 17:00:00,1060
04/23/2013 18:00:00,1241
04/23/2013 19:00:00,1248
04/23/2013 20:00:00,1219
04/23/2013 21:00:00,1451
04/23/2013 22:00:00,1279
04/23/2013 23:00:00,1089
04/24/2013 00:00:00,908
04/24/2013 01:00:00,777
04/24/2013 02:00:00,775
04/24/2013 03:00:00,739
04/24/2013 04:00:00,749
04/24/2013 05:00:00,859
04/24/2013 06:00:00,1099
04/24/2013 07:00:00,1200
04/24/2013 08:00:00,1105
04/24/2013 09:00:00,1111
04/24/2013 10:00:00,1133
04/24/2013 11:00:00,1185
04/24/2013 12:00:00,1171
04/24/2013 13:00:00,1309
04/24/2013 14:00:00,1273
04/24/2013 15:00:00,1313
04/24/2013 16:00:00,1475
04/24/2013 17:00:00,1540
04/24/2013 18:00:00,1653
04/24/2013 19:00:00,1745
04/24/2013 20:00:00,1664
04/24/2013 21:00:00,1883
04/24/2013 22:00:00,1709
04/24/2013 23:00:00,1611
04/25/2013 00:00:00,1517
04/25/2013 01:00:00,1434
04/25/2013 02:00:00,1382
04/25/2013 03:00:00,1458
04/25/2013 04:00:00,1526
04/25/2013 05:00:00,1596
04/25/2013 06:00:00,1781
04/25/2013 07:00:00,1963
04/25/2013 08:00:00,1711
04/25/2013 09:00:00,1510
04/25/2013 10:00:00,1346
04/25/2013 11:00:00,1328
04/25/2013 12:00:00,1204
04/25/2013 13:00:00,1214
04/25/2013 14:00:00,1085
04/25/2013 15:00:00,1094
04/25/2013 16:00:00,1044
04/25/2013 17:00:00,1214
04/25/2013 18:00:00,1172
04/25/2013 19:00:00,1290
04/25/2013 20:00:00,1244
04/25/2013 21:00:00,1493
04/25/2013 22:00:00,1508
04/25/2013 23:00:00,1346
04/26/2013 00:00:00,1208
04/26/2013 01:00:00,1151
04/26/2013 02:00:00,1226
04/26/2013 03:00:00,1203
04/26/2013 04:00:00,1352
04/26/2013 05:00:00,1482
04/26/2013 06:00:00,1674
04/26/2013 07:00:00,1808
04/26/2013 08:00:00,1506
04/26/2013 09:00:00,1416
04/26/2013 10:00:00,1423
04/26/2013 11:00:00,1241
04/26/2013 12:00:00,1221
04/26/2013 13:00:00,1056
04/26/2013 14:00:00,1036
04/26/2013 15:00:00,1002
04/26/2013 16:00:00,1040
04/26/2013 17:00:00,1132
04/26/2013 18:00:00,1134
04/26/2013 19:00:00,1090
04/26/2013 20:00:00,1068
04/26/2013 21:00:00,1346
04/26/2013 22:00:00,1237
04/26/2013 23:00:00,1111
04/27/2013 00:00:00,941
04/27/2013 01:00:00,884
04/27/2013 02:00:00,838
04/27/2013 03:00:00,887
04/27/2013 04:00:00,925
04/27/2013 05:00:00,975
04/27/2013 06:00:00,1139
04/27/2013 07:00:00,1051
04/27/2013 08:00:00,1198
04/27/2013 09:00:00,1356
04/27/2013 10:00:00,1300
04/27/2013 11:00:00,1295
04/27/2013 12:00:00,1347
04/27/2013 13:00:00,1207
04/27/2013 14:00:00,1158
04/27/2013 15:00:00,1284
04/27/2013 16:00:00,1176
04/27/2013 17:00:00,1213
04/27/2013 18:00:00,1296
04/27/2013 19:00:00,1289
04/27/2013 20:00:00,1371
04/27/2013 21:00:00,1386
04/27/2013 22:00:00,1295
04/27/2013 23:00:00,1234
04/28/2013 00:00:00,1036
04/28/2013 01:00:00,905
04/28/2013 02:00:00,902
04/28/2013 03:00:00,922
04/28/2013 04:00:00,913
04/28/2013 05:00:00,856
04/28/2013 06:00:00,890
04/28/2013 07:00:00,937
04/28/2013 08:00:00,1074
04/28/2013 09:00:00,1217
04/28/2013 10:00:00,1221
04/28/2013 11:00:00,1198
04/28/2013 12:00:00,1206
04/28/2013 13:00:00,1252
04/28/2013 14:00:00,1183
04/28/2013 15:00:00,1133
04/28/2013 16:00:00,1208
04/28/2013 17:00:00,1214
04/28/2013 18:00:00,1254
04/28/2013 19:00:00,1189
04/28/2013 20:00:00,1276
04/28/2013 21:00:00,1520
04/28/2013 22:00:00,1342
04/28/2013 23:00:00,1087
04/29/2013 00:00:00,928
04/29/2013 01:00:00,807
04/29/2013 02:00:00,781
04/29/2013 03:00:00,786
04/29/2013 04:00:00,782
04/29/2013 05:00:00,926
04/29/2013 06:00:00,1173
04/29/2013 07:00:00,1265
04/29/2013 08:00:00,1089
04/29/2013 09:00:00,1092
04/29/2013 10:00:00,1128
04/29/2013 11:00:00,1174
04/29/2013 12:00:00,1129
04/29/2013 13:00:00,1006
04/29/2013 14:00:00,1036
04/29/2013 15:00:00,1080
04/29/2013 16:00:00,1040
04/29/2013 17:00:00,1170
04/29/2013 18:00:00,1197
04/29/2013 19:00:00,1243
04/29/2013 20:00:00,1278
04/29/2013 21:00:00,1334
04/29/2013 22:00:00,1252
04/29/2013 23:00:00,1046
04/30/2013 00:00:00,907
04/30/2013 01:00:00,784
04/30/2013 02:00:00,726
04/30/2013 03:00:00,744
04/30/2013 04:00:00,836
04/30/2013 05:00:00,933
04/30/2013 06:00:00,1231
04/30/2013 07:00:00,1405
04/30/2013 08:00:00,1154
04/30/2013 09:00:00,975
04/30/2013 10:00:00,929
04/30/2013 11:00:00,918
04/30/2013 12:00:00,961
04/30/2013 13:00:00,994
04/30/2013 14:00:00,1026
04/30/2013 15:00:00,1038
04/30/2013 16:00:00,1158
04/30/2013 17:00:00,1163
04/30/2013 18:00:00,1298
04/30/2013 19:00:00,1319
04/30/2013 20:00:00,1398
04/30/2013 21:00:00,1643
04/30/2013 22:00:00,1382
04/30/2013 23:00:00,1166
05/01/2013 00:00:00,926
05/01/2013 01:00:00,806
05/01/2013 02:00:00,697
05/01/2013 03:00:00,695
05/01/2013 04:00:00,724
05/01/2013 05:00:00,822
05/01/2013 06:00:00,1075
05/01/2013 07:00:00,1126
05/01/2013 08:00:00,999
05/01/2013 09:00:00,903
05/01/2013 10:00:00,979
05/01/2013 11:00:00,1024
05/01/2013 12:00:00,1054
05/01/2013 13:00:00,1084
05/01/2013 14:00:00,1217
05/01/2013 15:00:00,1192
05/01/2013 16:00:00,1286
05/01/2013 17:00:00,1466
05/01/2013 18:00:00,1514
05/01/2013 19:00:00,1593
05/01/2013 20:00:00,1574
05/01/2013 21:00:00,1605
05/01/2013 22:00:00,1470
05/01/2013 23:00:00,1297
05/02/2013 00:00:00,970
05/02/2013 01:00:00,905
05/02/2013 02:00:00,804
05/02/2013 03:00:00,774
05/02/2013 04:00:00,754
05/02/2013 05:00:00,847
05/02/2013 06:00:00,1007
05/02/2013 07:00:00,1177
05/02/2013 08:00:00,985
05/02/2013 09:00:00,997
05/02/2013 10:00:00,1035
05/02/2013 11:00:00,1021
05/02/2013 12:00:00,1002
05/02/2013 13:00:00,1055
05/02/2013 14:00:00,1083
05/02/2013 15:00:00,1145
05/02/2013 16:00:00,1200
05/02/2013 17:00:00,1248
05/02/2013 18:00:00,1290
05/02/2013 19:00:00,1290
05/02/2013 20:00:00,1349
05/02/2013 21:00:00,1445
05/02/2013 22:00:00,1381
05/02/2013 23:00:00,1157
05/03/2013 00:00:00,903
05/03/2013 01:00:00,797
05/03/2013 02:00:00,713
05/03/2013 03:00:00,733
05/03/2013 04:00:00,774
05/03/2013 05:00:00,782
05/03/2013 06:00:00,1003
05/03/2013 07:00:00,1066
05/03/2013 08:00:00,996
05/03/2013 09:00:00,946
05/03/2013 10:00:00,894
05/03/2013 11:00:00,964
05/03/2013 12:00:00,1065
05/03/2013 13:00:00,1089
05/03/2013 14:00:00,1072
05/03/2013 15:00:00,1072
05/03/2013 16:00:00,1240
05/03/2013 17:00:00,1156
05/03/2013 18:00:00,1323
05/03/2013 19:00:00,1364
05/03/2013 20:00:00,1204
05/03/2013 21:00:00,1341
05/03/2013 22:00:00,1237
05/03/2013 23:00:00,1094
05/04/2013 00:00:00,1001
05/04/2013 01:00:00,838
05/04/2013 02:00:00,757
05/04/2013 03:00:00,714
05/04/2013 04:00:00,695
05/04/2013 05:00:00,742
05/04/2013 06:00:00,890
05/04/2013 07:00:00,877
05/04/2013 08:00:00,997
05/04/2013 09:00:00,1121
05/04/2013 10:00:00,1181
05/04/2013 11:00:00,1143
05/04/2013 12:00:00,1123
05/04/2013 13:00:00,1161
05/04/2013 14:00:00,1103
05/04/2013 15:00:00,1143
05/04/2013 16:00:00,1202
05/04/2013 17:00:00,1131
05/04/2013 18:00:00,1203
05/04/2013 19:00:00,1174
05/04/2013 20:00:00,1212
05/04/2013 21:00:00,1340
05/04/2013 22:00:00,1148
05/04/2013 23:00:00,1101
05/05/2013 00:00:00,903
05/05/2013 01:00:00,748
05/05/2013 02:00:00,721
05/05/2013 03:00:00,743
05/05/2013 04:00:00,731
05/05/2013 05:00:00,759
05/05/2013 06:00:00,846
05/05/2013 07:00:00,825
05/05/2013 08:00:00,980
05/05/2013 09:00:00,1122
05/05/2013 10:00:00,1173
05/05/2013 11:00:00,1230
05/05/2013 12:00:00,1306
05/05/2013 13:00:00,1337
05/05/2013 14:00:00,1460
05/05/2013 15:00:00,1397
05/05/2013 16:00:00,1290
05/05/2013 17:00:00,1415
05/05/2013 18:00:00,1467
05/05/2013 19:00:00,1416
05/05/2013 20:00:00,1485
05/05/2013 21:00:00,1647
05/05/2013 22:00:00,1458
05/05/2013 23:00:00,1314
05/06/2013 00:00:00,1136
05/06/2013 01:00:00,1017
05/06/2013 02:00:00,930
05/06/2013 03:00:00,884
05/06/2013 04:00:00,901
05/06/2013 05:00:00,1024
05/06/2013 06:00:00,1188
05/06/2013 07:00:00,1328
05/06/2013 08:00:00,1246
05/06/2013 09:00:00,1053
05/06/2013 10:00:00,1040
05/06/2013 11:00:00,1010
05/06/2013 12:00:00,1056
05/06/2013 13:00:00,1021
05/06/2013 14:00:00,1056
05/06/2013 15:00:00,1070
05/06/2013 16:00:00,1108
05/06/2013 17:00:00,1154
05/06/2013 18:00:00,1295
05/06/2013 19:00:00,1285
05/06/2013 20:00:00,1425
05/06/2013 21:00:00,1424
05/06/2013 22:00:00,1230
05/06/2013 23:00:00,1058
05/07/2013 00:00:00,849
05/07/2013 01:00:00,832
05/07/2013 02:00:00,762
05/07/2013 03:00:00,735
05/07/2013 04:00:00,800
05/07/2013 05:00:00,882
05/07/2013 06:00:00,1030
05/07/2013 07:00:00,1150
05/07/2013 08:00:00,1074
05/07/2013 09:00:00,981
05/07/2013 10:00:00,969
05/07/2013 11:00:00,872
05/07/2013 12:00:00,929
05/07/2013 13:00:00,948
05/07/2013 14:00:00,994
05/07/2013 15:00:00,1028
05/07/2013 16:00:00,1064
05/07/2013 17:00:00,1118
05/07/2013 18:00:00,1214
05/07/2013 19:00:00,1162
05/07/2013 20:00:00,1438
05/07/2013 21:00:00,1485
05/07/2013 22:00:00,1364
05/07/2013 23:00:00,1102
05/08/2013 00:00:00,823
05/08/2013 01:00:00,716
05/08/2013 02:00:00,720
05/08/2013 03:00:00,699
05/08/2013 04:00:00,701
05/08/2013 05:00:00,840
05/08/2013 06:00:00,1033
05/08/2013 07:00:00,1116
05/08/2013 08:00:00,1066
05/08/2013 09:00:00,965
05/08/2013 10:00:00,968
05/08/2013 11:00:00,978
05/08/2013 12:00:00,1030
05/08/2013 13:00:00,1083
05/08/2013 14:00:00,1108
05/08/2013 15:00:00,1061
05/08/2013 16:00:00,1147
05/08/2013 17:00:00,1245
05/08/2013 18:00:00,1339
05/08/2013 19:00:00,1320
05/08/2013 20:00:00,1228
05/08/2013 21:00:00,1393
05/08/2013 22:00:00,1379
05/08/2013 23:00:00,1106
05/09/2013 00:00:00,899
05/09/2013 01:00:00,797
05/09/2013 02:00:00,726
05/09/2013 03:00:00,697
05/09/2013 04:00:00,677
05/09/2013 05:00:00,807
05/09/2013 06:00:00,1034
05/09/2013 07:00:00,1154
05/09/2013 08:00:00,989
05/09/2013 09:00:00,1021
05/09/2013 10:00:00,1008
05/09/2013 11:00:00,1062
05/09/2013 12:00:00,1029
05/09/2013 13:00:00,1082
05/09/2013 14:00:00,1156
05/09/2013 15:00:00,1180
05/09/2013 16:00:00,1194
05/09/2013 17:00:00,1361
05/09/2013 18:00:00,1396
05/09/2013 19:00:00,1408
05/09/2013 20:00:00,1404
05/09/2013 21:00:00,1466
05/09/2013 22:00:00,1392
05/09/2013 23:00:00,1256
05/10/2013 00:00:00,916
05/10/2013 01:00:00,782
05/10/2013 02:00:00,782
05/10/2013 03:00:00,719
05/10/2013 04:00:00,721