{
    "created": "2014-07-25 12:07:58.776000", 
    "simLengthUnits": "hours", 
    "feederName": "public___Olin Barre GH", 
    "simStartDate": "2014-07-30", 
    "modelType": "gridlabMulti", 
    "climateName": "AZ-PRESCOTT", 
    "simLength": "240", 
    "feederName3": "public___Olin Barre GH 05Perc Solar", 
    "feederName2": "public___Olin Barre GH 20Perc Solar", 
    "runTime": "0:00:30", 
    "feederName5": "public___Olin Barre GH 50Perc Solar", 
    "feederName4": "public___Olin Barre GH 90Perc Solar"
}