{
    "climate": {
        "Rain Fall (in/h)": [
            1.02362, 
            1.02362, 
            1.06299, 
            1.06299, 
            1.10236, 
            1.14173, 
            1.1811, 
            1.1811, 
            1.1811, 
            1.1811, 
            1.1811, 
            1.1811, 
            1.1811, 
            1.1811, 
            1.14173, 
            1.14173, 
            1.14173, 
            1.14173, 
            1.14173, 
            1.10236, 
            1.10236, 
            1.06299, 
            1.06299, 
            1.02362, 
            1.02362, 
            1.02362, 
            1.02362, 
            0.98425, 
            1.02362, 
            1.02362, 
            1.02362, 
            1.02362, 
            1.06299, 
            1.06299, 
            1.10236, 
            1.10236, 
            1.14173, 
            1.1811, 
            1.22047, 
            1.29921, 
            1.29921, 
            1.33858, 
            1.37795, 
            1.37795, 
            1.33858, 
            1.33858, 
            1.33858, 
            1.29921, 
            1.22047, 
            1.1811, 
            1.14173, 
            1.14173, 
            1.10236, 
            1.06299, 
            1.02362, 
            1.02362, 
            1.02362, 
            1.06299, 
            1.02362, 
            1.06299, 
            1.10236, 
            1.10236, 
            1.10236, 
            1.14173, 
            1.14173, 
            1.10236, 
            1.14173, 
            1.14173, 
            1.14173, 
            1.14173, 
            1.10236, 
            1.06299, 
            1.06299, 
            1.02362, 
            1.02362, 
            1.02362, 
            1.02362, 
            1.02362, 
            1.10236, 
            1.1811, 
            1.25984, 
            1.14173, 
            1.14173, 
            1.22047, 
            1.25984, 
            1.1811, 
            1.22047, 
            1.1811, 
            1.25984, 
            1.25984, 
            1.22047, 
            1.22047, 
            1.25984, 
            1.25984, 
            1.25984, 
            1.25984, 
            1.37795, 
            1.41732, 
            1.41732, 
            1.25984
        ], 
        "Wind Speed (m/s)": null, 
        "Direct Insolation (W/m^2)": [
            0.0, 
            0.0, 
            0.0, 
            0.0, 
            0.0, 
            0.836127, 
            4.73806, 
            22.6683, 
            50.2605, 
            63.6386, 
            65.8683, 
            70.7921, 
            72.2786, 
            68.005, 
            52.0257, 
            56.0205, 
            49.8889, 
            27.9638, 
            5.38838, 
            1.20774, 
            0.0, 
            0.0, 
            0.0, 
            0.0, 
            0.0, 
            0.0, 
            0.0, 
            0.0, 
            0.0, 
            1.02193, 
            4.08773, 
            6.31741, 
            7.61805, 
            0.650321, 
            0.92903, 
            1.76516, 
            1.02193, 
            36.0464, 
            41.0631, 
            19.3238, 
            40.9702, 
            23.5974, 
            8.54708, 
            2.78709, 
            0.0, 
            0.0, 
            0.0, 
            0.0, 
            0.0, 
            0.0, 
            0.0, 
            0.0, 
            0.0, 
            0.0, 
            0.185806, 
            0.278709, 
            15.0503, 
            36.7896, 
            0.371612, 
            32.8877, 
            62.0592, 
            22.9471, 
            24.1548, 
            39.298, 
            55.3702, 
            52.1186, 
            31.0296, 
            2.9729, 
            0.0, 
            0.0, 
            0.0, 
            0.0, 
            0.0, 
            0.0, 
            0.0, 
            0.0, 
            0.0, 
            7.24644, 
            12.449, 
            46.3586, 
            47.5664, 
            53.8838, 
            71.2566, 
            75.9947, 
            84.6347, 
            84.2631, 
            81.5689, 
            78.9676, 
            51.747, 
            31.9586, 
            0.650321, 
            0.371612, 
            0.0, 
            0.0, 
            0.0, 
            0.0, 
            0.0, 
            0.0, 
            0.0, 
            0.0
        ], 
        "Temperature (F)": [
            62.962, 
            62.962, 
            62.962, 
            62.962, 
            64.042, 
            64.942, 
            66.022, 
            68.362, 
            70.702, 
            73.042, 
            73.402, 
            73.582, 
            73.942, 
            74.302, 
            74.662, 
            75.022, 
            73.942, 
            73.042, 
            71.962, 
            69.622, 
            67.282, 
            64.942, 
            64.042, 
            62.962, 
            62.062, 
            61.342, 
            60.802, 
            60.082, 
            61.342, 
            62.782, 
            64.042, 
            63.682, 
            63.322, 
            62.962, 
            64.222, 
            65.662, 
            66.922, 
            69.982, 
            72.862, 
            75.922, 
            75.922, 
            75.922, 
            74.842, 
            73.942, 
            72.862, 
            71.782, 
            70.702, 
            69.622, 
            68.002, 
            67.462, 
            66.382, 
            66.022, 
            65.482, 
            64.762, 
            64.942, 
            66.922, 
            69.982, 
            71.962, 
            73.042, 
            73.942, 
            75.922, 
            75.022, 
            75.022, 
            73.942, 
            75.022, 
            73.942, 
            71.962, 
            69.982, 
            66.922, 
            66.022, 
            64.042, 
            62.962, 
            62.962, 
            62.062, 
            62.062, 
            62.062, 
            62.062, 
            62.062, 
            66.922, 
            69.982, 
            75.022, 
            75.922, 
            78.982, 
            80.962, 
            82.942, 
            80.962, 
            80.062, 
            80.062, 
            78.982, 
            78.082, 
            78.082, 
            78.082, 
            78.082, 
            78.082, 
            77.002, 
            75.922, 
            75.922, 
            75.022, 
            73.942, 
            69.982
        ], 
        "Snow Depth (in)": [
            0.0, 
            0.0, 
            0.0, 
            0.0, 
            0.0, 
            0.0, 
            0.0, 
            0.0, 
            0.0, 
            0.0, 
            0.0, 
            0.0, 
            0.0, 
            0.0, 
            0.0, 
            0.0, 
            0.0, 
            0.0, 
            0.0, 
            0.0, 
            0.0, 
            0.0, 
            0.0, 
            0.0, 
            0.0, 
            0.0, 
            0.0, 
            0.0, 
            0.0, 
            0.0, 
            0.0, 
            0.0, 
            0.0, 
            0.0, 
            0.0, 
            0.0, 
            0.0, 
            0.0, 
            0.0, 
            0.0, 
            0.0, 
            0.0, 
            0.0, 
            0.0, 
            0.0, 
            0.0, 
            0.0, 
            0.0, 
            0.0, 
            0.0, 
            0.0, 
            0.0, 
            0.0, 
            0.0, 
            0.0, 
            0.0, 
            0.0, 
            0.0, 
            0.0, 
            0.0, 
            0.0, 
            0.0, 
            0.0, 
            0.0, 
            0.0, 
            0.0, 
            0.0, 
            0.0, 
            0.0, 
            0.0, 
            0.0, 
            0.0, 
            0.0, 
            0.0, 
            0.0, 
            0.0, 
            0.0, 
            0.0, 
            0.0, 
            0.0, 
            0.0, 
            0.0, 
            0.0, 
            0.0, 
            0.0, 
            0.0, 
            0.0, 
            0.0, 
            0.0, 
            0.0, 
            0.0, 
            0.0, 
            0.0, 
            0.0, 
            0.0, 
            0.0, 
            0.0, 
            0.0, 
            0.0, 
            0.0
        ]
    }, 
    "Consumption": {
        "DG": [
            0, 
            0, 
            0, 
            0, 
            0, 
            0, 
            0, 
            0, 
            0, 
            0, 
            0, 
            0, 
            0, 
            0, 
            0, 
            0, 
            0, 
            0, 
            0, 
            0, 
            0, 
            0, 
            0, 
            0, 
            0, 
            0, 
            0, 
            0, 
            0, 
            0, 
            0, 
            0, 
            0, 
            0, 
            0, 
            0, 
            0, 
            0, 
            0, 
            0, 
            0, 
            0, 
            0, 
            0, 
            0, 
            0, 
            0, 
            0, 
            0, 
            0, 
            0, 
            0, 
            0, 
            0, 
            0, 
            0, 
            0, 
            0, 
            0, 
            0, 
            0, 
            0, 
            0, 
            0, 
            0, 
            0, 
            0, 
            0, 
            0, 
            0, 
            0, 
            0, 
            0, 
            0, 
            0, 
            0, 
            0, 
            0, 
            0, 
            0, 
            0, 
            0, 
            0, 
            0, 
            0, 
            0, 
            0, 
            0, 
            0, 
            0, 
            0, 
            0, 
            0, 
            0, 
            0, 
            0, 
            0, 
            0, 
            0, 
            0
        ], 
        "Losses": [
            2601.703608613425, 
            1524.5452715298084, 
            1565.979897278853, 
            1667.7687900247756, 
            1806.4219905017133, 
            1993.7440984400914, 
            2482.553361736771, 
            2818.9438451217693, 
            2685.8301084665063, 
            2975.700990672375, 
            2697.446766024579, 
            2464.6437805743512, 
            2555.1352420367816, 
            2859.2280084054237, 
            4197.008223705243, 
            4161.598747160788, 
            5964.537572446544, 
            5450.326955053355, 
            3633.6581832530856, 
            3019.891222490818, 
            2663.2901711086347, 
            2281.7418116042854, 
            2034.7170646359964, 
            1770.3162399092053, 
            1623.251035983446, 
            1572.1402579582566, 
            1609.8227943902411, 
            1798.2097022907842, 
            1849.8415525243495, 
            1937.8124621716, 
            2403.5340557010713, 
            2667.886047742453, 
            2348.5656451079167, 
            2272.9783441832215, 
            1993.7051311920088, 
            2056.333384078787, 
            2071.4998364146104, 
            2011.1309891190745, 
            3285.388844068856, 
            4798.211722003891, 
            5270.377877619811, 
            6477.19542387919, 
            3855.9866827058077, 
            3244.7466751944958, 
            3070.7579362073666, 
            2641.4389187070246, 
            2434.649013968761, 
            1955.8392276680481, 
            1714.6178725236841, 
            1544.660802550297, 
            1589.3146893111395, 
            1766.2268406582627, 
            1837.452592375739, 
            2026.6148555777443, 
            2478.820054324186, 
            2852.016854691024, 
            2708.2648076423507, 
            3300.7199615033524, 
            2747.1829911646164, 
            2260.010133086006, 
            3179.686504509379, 
            3834.3956206585303, 
            3040.0242441882783, 
            4902.972516246442, 
            5299.7849016627615, 
            5587.789131512747, 
            4457.111312847356, 
            3327.6034727806477, 
            2676.408616495437, 
            2272.2113626838573, 
            2156.5318906102775, 
            1873.6011782666383, 
            1663.6287921836572, 
            1639.405971369922, 
            1645.5383659023169, 
            1817.427199302568, 
            1816.155910779485, 
            1992.3881307542638, 
            2401.8242544798195, 
            2639.9720096963374, 
            2669.33997459723, 
            5168.42217044395, 
            4105.003281374441, 
            3726.7447879570373, 
            4718.392385747604, 
            3368.7779325401852, 
            5550.156984304228, 
            3996.7265275770624, 
            5952.727513555341, 
            4442.519845431649, 
            4559.910489371935, 
            3659.3020682530714, 
            3061.0506381668056, 
            2786.769656474441, 
            2781.176041488219, 
            2245.813619566147, 
            1871.9550432964325, 
            1698.0460347561411, 
            1693.172025084017, 
            1786.548466238217
        ], 
        "Power": [
            -357149.82250590576, 
            161089.7455464503, 
            170011.77180507503, 
            200377.70623110345, 
            284133.18290743884, 
            333708.3862088109, 
            431368.1680996988, 
            447305.23667538806, 
            421613.79350705544, 
            476137.0302141601, 
            444242.284508904, 
            396949.76763818617, 
            399106.4191237846, 
            497568.5918596149, 
            642870.3458595987, 
            648422.8236223953, 
            827171.9747730818, 
            746521.279981013, 
            568452.6180834776, 
            477254.1203460584, 
            432243.6077544236, 
            368134.27065708634, 
            313436.8870991353, 
            258951.27851258527, 
            208405.3513986865, 
            179473.62977683826, 
            183600.70226369397, 
            240733.67140892628, 
            264620.5865033906, 
            314331.365949559, 
            399801.2139464713, 
            433762.7754619477, 
            389307.71591272746, 
            357525.97876159096, 
            308413.0483840826, 
            325677.7432052273, 
            307339.3039063504, 
            323470.3951574085, 
            526702.1017273807, 
            701292.8509511843, 
            808020.0232221971, 
            822722.7637065842, 
            599424.7521131906, 
            504245.34423259675, 
            495172.7578352428, 
            431399.96004317154, 
            396822.89911028324, 
            315339.8618753424, 
            236838.02392229356, 
            171383.6243952966, 
            180302.67009716772, 
            233946.60291112776, 
            283325.3094856448, 
            336394.4661016065, 
            418577.3054875528, 
            463276.2340329152, 
            443371.23387573304, 
            498498.73533275886, 
            460312.67085646256, 
            367807.7267464755, 
            513371.31990986795, 
            633311.0910156319, 
            483332.64498268685, 
            729096.5677044708, 
            764086.9342509398, 
            760587.1175134641, 
            656450.6924971594, 
            522849.28645575297, 
            422032.19060398696, 
            365982.03201741807, 
            340438.86912195914, 
            273444.75875863776, 
            215055.42951255705, 
            190440.7289343918, 
            196122.65781850932, 
            243178.69609725787, 
            255710.56256838512, 
            320813.5142611547, 
            396392.2436135148, 
            428633.7380532993, 
            433183.802129177, 
            741999.8040767935, 
            662125.6983610363, 
            584405.8560764171, 
            695877.3632789042, 
            565560.391455024, 
            787929.2814212453, 
            646977.1081666568, 
            801791.0455286964, 
            678510.2393742927, 
            638723.1619897309, 
            586963.8364790884, 
            503755.2654784762, 
            434805.18361601897, 
            433889.13994706067, 
            361276.99977176794, 
            268259.4663108089, 
            220326.95924967967, 
            217919.3208500256, 
            233565.24353467065
        ]
    }, 
    "stdout": "Core profiler results\n======================\n\nTotal objects               2277 objects\nParallelism                    1 thread\nTotal time                   5.0 seconds\n  Core time                  1.2 seconds (23.8%)\n    Compiler                11.8 seconds (236.9%)\n    Instances                0.0 seconds (0.0%)\n    Random variables         0.0 seconds (0.0%)\n    Schedules                0.0 seconds (0.0%)\n    Loadshapes               0.0 seconds (0.3%)\n    Enduses                  0.0 seconds (0.2%)\n    Transforms               0.0 seconds (0.3%)\n  Model time                 3.8 seconds/thread (76.2%)\nSimulation time                4 days\nSimulation speed              46k object.hours/second\nPasses completed             102 passes\nTime steps completed         101 timesteps\nConvergence efficiency      1.01 passes/timestep\nRead lock contention        0.0%\nWrite lock contention       0.0%\nAverage timestep           3564 seconds/timestep\nSimulation rate           72000 x realtime\n\n\nModel profiler results\n======================\n\nClass            Time (s) Time (%) msec/obj\n---------------- -------- -------- --------\nnode               3.196     83.9%      6.6\ncollector          0.162      4.3%     32.4\nhouse              0.160      4.2%      0.5\nclimate            0.112      2.9%    112.0\nrecorder           0.045      1.2%     22.5\ntriplex_meter      0.044      1.2%      0.2\noverhead_line      0.028      0.7%      0.1\nwaterheater        0.025      0.7%      0.1\ntransformer        0.014      0.4%      0.1\nZIPload            0.010      0.3%      0.0\ncapacitor          0.005      0.1%      5.0\nunderground_line   0.005      0.1%      0.1\nfuse               0.004      0.1%      0.1\nswitch             0.001      0.0%      0.1\n================ ======== ======== ========\nTotal              3.811    100.0%      1.7", 
    "allMeterVoltages": {
        "Max": [
            120.346, 
            120.0045, 
            120.0075, 
            120.006, 
            120.0025, 
            119.9985, 
            120.0085, 
            120.0215, 
            120.0125, 
            120.0185, 
            120.0075, 
            119.999, 
            120.0575, 
            119.999, 
            120.053, 
            120.013, 
            119.989, 
            120.1375, 
            120.0715, 
            120.0125, 
            120.003, 
            120.018, 
            120.007, 
            120.0035, 
            120.0035, 
            120.0, 
            120.02, 
            120.009, 
            120.0065, 
            120.004, 
            120.003, 
            120.0135, 
            120.0135, 
            120.014, 
            120.011, 
            120.009, 
            120.026, 
            119.9985, 
            119.9905, 
            120.026, 
            120.0195, 
            120.129, 
            120.0285, 
            120.014, 
            120.0065, 
            120.0195, 
            120.01, 
            120.017, 
            120.0055, 
            120.005, 
            120.0085, 
            120.016, 
            120.0065, 
            120.004, 
            120.007, 
            120.012, 
            120.011, 
            120.0045, 
            120.025, 
            119.9985, 
            120.011, 
            120.038, 
            119.9865, 
            120.015, 
            120.05, 
            120.0825, 
            120.011, 
            120.0195, 
            120.021, 
            120.019, 
            120.015, 
            120.0215, 
            120.006, 
            120.0035, 
            120.012, 
            120.015, 
            120.003, 
            120.0015, 
            120.007, 
            120.0105, 
            120.018, 
            120.0115, 
            120.0565, 
            119.999, 
            120.0475, 
            120.023, 
            120.019, 
            120.0385, 
            120.035, 
            120.052, 
            120.0875, 
            120.008, 
            120.021, 
            120.0165, 
            120.01, 
            120.0075, 
            120.033, 
            120.0035, 
            120.008, 
            120.005
        ], 
        "Mean": [
            120.1295, 
            119.9425, 
            119.9395, 
            119.9265, 
            119.911, 
            119.895, 
            119.8575, 
            119.8525, 
            119.841, 
            119.7965, 
            119.8195, 
            119.833, 
            119.824, 
            119.801, 
            119.7105, 
            119.7285, 
            119.6415, 
            119.6695, 
            119.7535, 
            119.811, 
            119.848, 
            119.8725, 
            119.888, 
            119.9075, 
            119.9245, 
            119.9375, 
            119.931, 
            119.916, 
            119.9095, 
            119.898, 
            119.8665, 
            119.8535, 
            119.867, 
            119.862, 
            119.883, 
            119.8715, 
            119.8675, 
            119.8855, 
            119.785, 
            119.687, 
            119.656, 
            119.6185, 
            119.7545, 
            119.7925, 
            119.799, 
            119.8365, 
            119.8505, 
            119.887, 
            119.912, 
            119.9405, 
            119.937, 
            119.917, 
            119.9095, 
            119.889, 
            119.861, 
            119.8455, 
            119.8405, 
            119.7925, 
            119.813, 
            119.858, 
            119.769, 
            119.7235, 
            119.8025, 
            119.6735, 
            119.674, 
            119.6535, 
            119.7165, 
            119.7995, 
            119.838, 
            119.8665, 
            119.8765, 
            119.8975, 
            119.923, 
            119.931, 
            119.9265, 
            119.9085, 
            119.9155, 
            119.894, 
            119.8635, 
            119.8525, 
            119.841, 
            119.661, 
            119.711, 
            119.7405, 
            119.678, 
            119.7565, 
            119.6405, 
            119.7325, 
            119.629, 
            119.7155, 
            119.7075, 
            119.763, 
            119.806, 
            119.83, 
            119.8135, 
            119.859, 
            119.89, 
            119.914, 
            119.916, 
            119.9155
        ], 
        "StdDev": [
            0.095804, 
            0.04887665, 
            0.056278, 
            0.0648735, 
            0.068005, 
            0.075843, 
            0.1033275, 
            0.1505325, 
            0.1572525, 
            0.160315, 
            0.1400695, 
            0.139727, 
            0.156967, 
            0.157382, 
            0.236575, 
            0.232864, 
            0.3149795, 
            0.3021145, 
            0.2084415, 
            0.16819, 
            0.144838, 
            0.119649, 
            0.1014655, 
            0.07064, 
            0.0553165, 
            0.0524505, 
            0.0642175, 
            0.078424, 
            0.0863535, 
            0.069684, 
            0.1095705, 
            0.133804, 
            0.1167635, 
            0.114233, 
            0.087089, 
            0.0943175, 
            0.110855, 
            0.099981, 
            0.2008515, 
            0.277441, 
            0.2562365, 
            0.351235, 
            0.224519, 
            0.184338, 
            0.1696665, 
            0.150894, 
            0.13835, 
            0.0842605, 
            0.071957, 
            0.050994, 
            0.058761, 
            0.073917, 
            0.0754485, 
            0.075357, 
            0.1136, 
            0.1451355, 
            0.144066, 
            0.2016425, 
            0.147243, 
            0.1197845, 
            0.1877705, 
            0.206049, 
            0.1915705, 
            0.2738345, 
            0.292864, 
            0.3083305, 
            0.2566715, 
            0.1931355, 
            0.151697, 
            0.1158905, 
            0.108209, 
            0.089189, 
            0.0676105, 
            0.071583, 
            0.0690015, 
            0.081684, 
            0.0842745, 
            0.0808485, 
            0.111633, 
            0.13246, 
            0.1518375, 
            0.274113, 
            0.2148405, 
            0.2141805, 
            0.26949, 
            0.1888295, 
            0.29434, 
            0.219389, 
            0.325623, 
            0.2405145, 
            0.2765015, 
            0.196514, 
            0.1639605, 
            0.1691615, 
            0.1670775, 
            0.123415, 
            0.097169, 
            0.072034, 
            0.064902, 
            0.085048
        ], 
        "Min": [
            119.972, 
            119.8285, 
            119.8015, 
            119.751, 
            119.7485, 
            119.6945, 
            119.596, 
            119.4485, 
            119.453, 
            119.4415, 
            119.466, 
            119.4585, 
            119.4545, 
            119.4105, 
            119.214, 
            119.223, 
            118.8555, 
            119.0525, 
            119.345, 
            119.3765, 
            119.4205, 
            119.5805, 
            119.6405, 
            119.7445, 
            119.8005, 
            119.816, 
            119.79, 
            119.72, 
            119.6925, 
            119.7225, 
            119.5715, 
            119.516, 
            119.603, 
            119.582, 
            119.6745, 
            119.6505, 
            119.618, 
            119.6305, 
            119.255, 
            119.0695, 
            119.131, 
            118.8975, 
            119.2215, 
            119.2505, 
            119.3705, 
            119.4895, 
            119.51, 
            119.7105, 
            119.743, 
            119.8235, 
            119.7965, 
            119.7285, 
            119.732, 
            119.701, 
            119.5585, 
            119.4685, 
            119.5015, 
            119.2865, 
            119.437, 
            119.5595, 
            119.3125, 
            119.3265, 
            119.3185, 
            119.102, 
            119.026, 
            119.0435, 
            119.06, 
            119.274, 
            119.451, 
            119.596, 
            119.618, 
            119.676, 
            119.7395, 
            119.721, 
            119.751, 
            119.715, 
            119.6885, 
            119.693, 
            119.5735, 
            119.5325, 
            119.4635, 
            119.0595, 
            119.3055, 
            119.209, 
            119.119, 
            119.327, 
            118.991, 
            119.2355, 
            118.932, 
            119.1735, 
            119.0825, 
            119.248, 
            119.368, 
            119.369, 
            119.4075, 
            119.5745, 
            119.7, 
            119.7195, 
            119.754, 
            119.6895
        ]
    }, 
    "stderr": "Processing 2014-07-30 00:00:00 PDT...\rProcessing 2014-07-31 01:00:00 PDT...\rProcessing 2014-08-01 04:00:00 PDT...\rProcessing 2014-08-02 07:00:00 PDT...", 
    "timeStamps": [
        "2014-07-30 00:00:00 PDT", 
        "2014-07-30 01:00:00 PDT", 
        "2014-07-30 02:00:00 PDT", 
        "2014-07-30 03:00:00 PDT", 
        "2014-07-30 04:00:00 PDT", 
        "2014-07-30 05:00:00 PDT", 
        "2014-07-30 06:00:00 PDT", 
        "2014-07-30 07:00:00 PDT", 
        "2014-07-30 08:00:00 PDT", 
        "2014-07-30 09:00:00 PDT", 
        "2014-07-30 10:00:00 PDT", 
        "2014-07-30 11:00:00 PDT", 
        "2014-07-30 12:00:00 PDT", 
        "2014-07-30 13:00:00 PDT", 
        "2014-07-30 14:00:00 PDT", 
        "2014-07-30 15:00:00 PDT", 
        "2014-07-30 16:00:00 PDT", 
        "2014-07-30 17:00:00 PDT", 
        "2014-07-30 18:00:00 PDT", 
        "2014-07-30 19:00:00 PDT", 
        "2014-07-30 20:00:00 PDT", 
        "2014-07-30 21:00:00 PDT", 
        "2014-07-30 22:00:00 PDT", 
        "2014-07-30 23:00:00 PDT", 
        "2014-07-31 00:00:00 PDT", 
        "2014-07-31 01:00:00 PDT", 
        "2014-07-31 02:00:00 PDT", 
        "2014-07-31 03:00:00 PDT", 
        "2014-07-31 04:00:00 PDT", 
        "2014-07-31 05:00:00 PDT", 
        "2014-07-31 06:00:00 PDT", 
        "2014-07-31 07:00:00 PDT", 
        "2014-07-31 08:00:00 PDT", 
        "2014-07-31 09:00:00 PDT", 
        "2014-07-31 10:00:00 PDT", 
        "2014-07-31 11:00:00 PDT", 
        "2014-07-31 12:00:00 PDT", 
        "2014-07-31 13:00:00 PDT", 
        "2014-07-31 14:00:00 PDT", 
        "2014-07-31 15:00:00 PDT", 
        "2014-07-31 16:00:00 PDT", 
        "2014-07-31 17:00:00 PDT", 
        "2014-07-31 18:00:00 PDT", 
        "2014-07-31 19:00:00 PDT", 
        "2014-07-31 20:00:00 PDT", 
        "2014-07-31 21:00:00 PDT", 
        "2014-07-31 22:00:00 PDT", 
        "2014-07-31 23:00:00 PDT", 
        "2014-08-01 00:00:00 PDT", 
        "2014-08-01 01:00:00 PDT", 
        "2014-08-01 02:00:00 PDT", 
        "2014-08-01 03:00:00 PDT", 
        "2014-08-01 04:00:00 PDT", 
        "2014-08-01 05:00:00 PDT", 
        "2014-08-01 06:00:00 PDT", 
        "2014-08-01 07:00:00 PDT", 
        "2014-08-01 08:00:00 PDT", 
        "2014-08-01 09:00:00 PDT", 
        "2014-08-01 10:00:00 PDT", 
        "2014-08-01 11:00:00 PDT", 
        "2014-08-01 12:00:00 PDT", 
        "2014-08-01 13:00:00 PDT", 
        "2014-08-01 14:00:00 PDT", 
        "2014-08-01 15:00:00 PDT", 
        "2014-08-01 16:00:00 PDT", 
        "2014-08-01 17:00:00 PDT", 
        "2014-08-01 18:00:00 PDT", 
        "2014-08-01 19:00:00 PDT", 
        "2014-08-01 20:00:00 PDT", 
        "2014-08-01 21:00:00 PDT", 
        "2014-08-01 22:00:00 PDT", 
        "2014-08-01 23:00:00 PDT", 
        "2014-08-02 00:00:00 PDT", 
        "2014-08-02 01:00:00 PDT", 
        "2014-08-02 02:00:00 PDT", 
        "2014-08-02 03:00:00 PDT", 
        "2014-08-02 04:00:00 PDT", 
        "2014-08-02 05:00:00 PDT", 
        "2014-08-02 06:00:00 PDT", 
        "2014-08-02 07:00:00 PDT", 
        "2014-08-02 08:00:00 PDT", 
        "2014-08-02 09:00:00 PDT", 
        "2014-08-02 10:00:00 PDT", 
        "2014-08-02 11:00:00 PDT", 
        "2014-08-02 12:00:00 PDT", 
        "2014-08-02 13:00:00 PDT", 
        "2014-08-02 14:00:00 PDT", 
        "2014-08-02 15:00:00 PDT", 
        "2014-08-02 16:00:00 PDT", 
        "2014-08-02 17:00:00 PDT", 
        "2014-08-02 18:00:00 PDT", 
        "2014-08-02 19:00:00 PDT", 
        "2014-08-02 20:00:00 PDT", 
        "2014-08-02 21:00:00 PDT", 
        "2014-08-02 22:00:00 PDT", 
        "2014-08-02 23:00:00 PDT", 
        "2014-08-03 00:00:00 PDT", 
        "2014-08-03 01:00:00 PDT", 
        "2014-08-03 02:00:00 PDT", 
        "2014-08-03 03:00:00 PDT"
    ]
}