{
    "climate": {
        "Rain Fall (in/h)": [
            1.02362, 
            1.02362, 
            1.06299, 
            1.06299, 
            1.10236, 
            1.14173, 
            1.1811, 
            1.1811, 
            1.1811, 
            1.1811, 
            1.1811, 
            1.1811, 
            1.1811, 
            1.1811, 
            1.14173, 
            1.14173, 
            1.14173, 
            1.14173, 
            1.14173, 
            1.10236, 
            1.10236, 
            1.06299, 
            1.06299, 
            1.02362, 
            1.02362, 
            1.02362, 
            1.02362, 
            0.98425, 
            1.02362, 
            1.02362, 
            1.02362, 
            1.02362, 
            1.06299, 
            1.06299, 
            1.10236, 
            1.10236, 
            1.14173, 
            1.1811, 
            1.22047, 
            1.29921, 
            1.29921, 
            1.33858, 
            1.37795, 
            1.37795, 
            1.33858, 
            1.33858, 
            1.33858, 
            1.29921, 
            1.22047, 
            1.1811, 
            1.14173, 
            1.14173, 
            1.10236, 
            1.06299, 
            1.02362, 
            1.02362, 
            1.02362, 
            1.06299, 
            1.02362, 
            1.06299, 
            1.10236, 
            1.10236, 
            1.10236, 
            1.14173, 
            1.14173, 
            1.10236, 
            1.14173, 
            1.14173, 
            1.14173, 
            1.14173, 
            1.10236, 
            1.06299, 
            1.06299, 
            1.02362, 
            1.02362, 
            1.02362, 
            1.02362, 
            1.02362, 
            1.10236, 
            1.1811, 
            1.25984, 
            1.14173, 
            1.14173, 
            1.22047, 
            1.25984, 
            1.1811, 
            1.22047, 
            1.1811, 
            1.25984, 
            1.25984, 
            1.22047, 
            1.22047, 
            1.25984, 
            1.25984, 
            1.25984, 
            1.25984, 
            1.37795, 
            1.41732, 
            1.41732, 
            1.25984
        ], 
        "Wind Speed (m/s)": null, 
        "Direct Insolation (W/m^2)": [
            0.0, 
            0.0, 
            0.0, 
            0.0, 
            0.0, 
            0.836127, 
            4.73806, 
            22.6683, 
            50.2605, 
            63.6386, 
            65.8683, 
            70.7921, 
            72.2786, 
            68.005, 
            52.0257, 
            56.0205, 
            49.8889, 
            27.9638, 
            5.38838, 
            1.20774, 
            0.0, 
            0.0, 
            0.0, 
            0.0, 
            0.0, 
            0.0, 
            0.0, 
            0.0, 
            0.0, 
            1.02193, 
            4.08773, 
            6.31741, 
            7.61805, 
            0.650321, 
            0.92903, 
            1.76516, 
            1.02193, 
            36.0464, 
            41.0631, 
            19.3238, 
            40.9702, 
            23.5974, 
            8.54708, 
            2.78709, 
            0.0, 
            0.0, 
            0.0, 
            0.0, 
            0.0, 
            0.0, 
            0.0, 
            0.0, 
            0.0, 
            0.0, 
            0.185806, 
            0.278709, 
            15.0503, 
            36.7896, 
            0.371612, 
            32.8877, 
            62.0592, 
            22.9471, 
            24.1548, 
            39.298, 
            55.3702, 
            52.1186, 
            31.0296, 
            2.9729, 
            0.0, 
            0.0, 
            0.0, 
            0.0, 
            0.0, 
            0.0, 
            0.0, 
            0.0, 
            0.0, 
            7.24644, 
            12.449, 
            46.3586, 
            47.5664, 
            53.8838, 
            71.2566, 
            75.9947, 
            84.6347, 
            84.2631, 
            81.5689, 
            78.9676, 
            51.747, 
            31.9586, 
            0.650321, 
            0.371612, 
            0.0, 
            0.0, 
            0.0, 
            0.0, 
            0.0, 
            0.0, 
            0.0, 
            0.0
        ], 
        "Temperature (F)": [
            62.962, 
            62.962, 
            62.962, 
            62.962, 
            64.042, 
            64.942, 
            66.022, 
            68.362, 
            70.702, 
            73.042, 
            73.402, 
            73.582, 
            73.942, 
            74.302, 
            74.662, 
            75.022, 
            73.942, 
            73.042, 
            71.962, 
            69.622, 
            67.282, 
            64.942, 
            64.042, 
            62.962, 
            62.062, 
            61.342, 
            60.802, 
            60.082, 
            61.342, 
            62.782, 
            64.042, 
            63.682, 
            63.322, 
            62.962, 
            64.222, 
            65.662, 
            66.922, 
            69.982, 
            72.862, 
            75.922, 
            75.922, 
            75.922, 
            74.842, 
            73.942, 
            72.862, 
            71.782, 
            70.702, 
            69.622, 
            68.002, 
            67.462, 
            66.382, 
            66.022, 
            65.482, 
            64.762, 
            64.942, 
            66.922, 
            69.982, 
            71.962, 
            73.042, 
            73.942, 
            75.922, 
            75.022, 
            75.022, 
            73.942, 
            75.022, 
            73.942, 
            71.962, 
            69.982, 
            66.922, 
            66.022, 
            64.042, 
            62.962, 
            62.962, 
            62.062, 
            62.062, 
            62.062, 
            62.062, 
            62.062, 
            66.922, 
            69.982, 
            75.022, 
            75.922, 
            78.982, 
            80.962, 
            82.942, 
            80.962, 
            80.062, 
            80.062, 
            78.982, 
            78.082, 
            78.082, 
            78.082, 
            78.082, 
            78.082, 
            77.002, 
            75.922, 
            75.922, 
            75.022, 
            73.942, 
            69.982
        ], 
        "Snow Depth (in)": [
            0.0, 
            0.0, 
            0.0, 
            0.0, 
            0.0, 
            0.0, 
            0.0, 
            0.0, 
            0.0, 
            0.0, 
            0.0, 
            0.0, 
            0.0, 
            0.0, 
            0.0, 
            0.0, 
            0.0, 
            0.0, 
            0.0, 
            0.0, 
            0.0, 
            0.0, 
            0.0, 
            0.0, 
            0.0, 
            0.0, 
            0.0, 
            0.0, 
            0.0, 
            0.0, 
            0.0, 
            0.0, 
            0.0, 
            0.0, 
            0.0, 
            0.0, 
            0.0, 
            0.0, 
            0.0, 
            0.0, 
            0.0, 
            0.0, 
            0.0, 
            0.0, 
            0.0, 
            0.0, 
            0.0, 
            0.0, 
            0.0, 
            0.0, 
            0.0, 
            0.0, 
            0.0, 
            0.0, 
            0.0, 
            0.0, 
            0.0, 
            0.0, 
            0.0, 
            0.0, 
            0.0, 
            0.0, 
            0.0, 
            0.0, 
            0.0, 
            0.0, 
            0.0, 
            0.0, 
            0.0, 
            0.0, 
            0.0, 
            0.0, 
            0.0, 
            0.0, 
            0.0, 
            0.0, 
            0.0, 
            0.0, 
            0.0, 
            0.0, 
            0.0, 
            0.0, 
            0.0, 
            0.0, 
            0.0, 
            0.0, 
            0.0, 
            0.0, 
            0.0, 
            0.0, 
            0.0, 
            0.0, 
            0.0, 
            0.0, 
            0.0, 
            0.0, 
            0.0, 
            0.0, 
            0.0, 
            0.0
        ]
    }, 
    "Consumption": {
        "DG": [
            0, 
            0, 
            0, 
            0, 
            0, 
            0, 
            0, 
            0, 
            0, 
            0, 
            0, 
            0, 
            0, 
            0, 
            0, 
            0, 
            0, 
            0, 
            0, 
            0, 
            0, 
            0, 
            0, 
            0, 
            0, 
            0, 
            0, 
            0, 
            0, 
            0, 
            0, 
            0, 
            0, 
            0, 
            0, 
            0, 
            0, 
            0, 
            0, 
            0, 
            0, 
            0, 
            0, 
            0, 
            0, 
            0, 
            0, 
            0, 
            0, 
            0, 
            0, 
            0, 
            0, 
            0, 
            0, 
            0, 
            0, 
            0, 
            0, 
            0, 
            0, 
            0, 
            0, 
            0, 
            0, 
            0, 
            0, 
            0, 
            0, 
            0, 
            0, 
            0, 
            0, 
            0, 
            0, 
            0, 
            0, 
            0, 
            0, 
            0, 
            0, 
            0, 
            0, 
            0, 
            0, 
            0, 
            0, 
            0, 
            0, 
            0, 
            0, 
            0, 
            0, 
            0, 
            0, 
            0, 
            0, 
            0, 
            0, 
            0
        ], 
        "Losses": [
            2601.704475194456, 
            1524.5473881797063, 
            1565.9808889674691, 
            1667.7699835353762, 
            1806.4242487917513, 
            1993.7468042571156, 
            2482.5547541061783, 
            2818.944671547172, 
            2685.8322912371978, 
            2975.7049715596327, 
            2697.4507893051577, 
            2464.646733412628, 
            2555.1377392147265, 
            2859.2303440267865, 
            4197.008160501009, 
            4161.597695092723, 
            5964.53694082357, 
            5450.327016067858, 
            3633.659545392059, 
            3019.894978359773, 
            2663.2926936223193, 
            2281.7463050726287, 
            2034.7216656303317, 
            1770.320327122301, 
            1623.252389728022, 
            1572.1426702859644, 
            1609.8235949147975, 
            1798.2122385100486, 
            1849.8434874857148, 
            1937.8152324197622, 
            2403.5350434593765, 
            2667.886074219775, 
            2348.5690965082695, 
            2272.980885411327, 
            1993.7082632319812, 
            2056.3373014233293, 
            2071.501338425305, 
            2011.1329472865984, 
            3285.388844068856, 
            4798.211601415409, 
            5270.377380380766, 
            6477.195512201202, 
            3855.989662857168, 
            3244.751274070026, 
            3070.7618328283647, 
            2641.4433096532935, 
            2434.6539194723937, 
            1955.8433847427023, 
            1714.6198311257097, 
            1544.6630962949241, 
            1589.3157790983978, 
            1766.2287521592011, 
            1837.4552962972416, 
            2026.6171339344623, 
            2478.8209887262165, 
            2852.0168632355567, 
            2708.2676384590013, 
            3300.724576194377, 
            2747.187979528384, 
            2260.0130944474226, 
            3179.689593473924, 
            3834.397895457364, 
            3040.0242441882783, 
            4902.9724285880975, 
            5299.784519331264, 
            5587.7892240122455, 
            4457.112775372085, 
            3327.6072954015167, 
            2676.411682166001, 
            2272.2142630427243, 
            2156.5364998312575, 
            1873.6050677092564, 
            1663.629203621267, 
            1639.4080580384061, 
            1645.539648007529, 
            1817.4292646480394, 
            1816.1578695424266, 
            1992.3908574430905, 
            2401.8243152314967, 
            2639.9720461431807, 
            2669.342751538954, 
            5168.423755997475, 
            4105.007117175834, 
            3726.7489397805375, 
            4718.394111112262, 
            3368.7809117658826, 
            5550.156984304228, 
            3996.725482237173, 
            5952.710196575157, 
            4442.519873127582, 
            4559.911200297829, 
            3659.3046954237466, 
            3061.054481181325, 
            2786.7741366121627, 
            2781.180798034068, 
            2245.8184781052623, 
            1871.9565184386784, 
            1698.0491353991222, 
            1693.1724457735022, 
            1786.5509651050659
        ], 
        "Power": [
            -357253.4385222905, 
            161479.73650034267, 
            170201.7675945256, 
            200617.70179731998, 
            284373.180268481, 
            333898.38428193826, 
            431408.1677132342, 
            447345.2361587596, 
            421803.67783532897, 
            476376.2694563616, 
            444531.0095884088, 
            397188.87470321974, 
            399295.30974682135, 
            497658.0087019197, 
            642860.4214334866, 
            648363.1671173495, 
            827112.5985559644, 
            746560.9444007167, 
            568592.0828906783, 
            477443.71438661753, 
            432483.4165197089, 
            368424.24381775747, 
            313826.8785403763, 
            259391.273001548, 
            208595.34834605013, 
            179863.62196982052, 
            183790.6984997905, 
            240973.66775235193, 
            264860.58330554375, 
            314521.36391621415, 
            399841.2135249093, 
            433802.77506853273, 
            389497.71117323, 
            357765.9320154764, 
            308702.9431242315, 
            325917.35237518424, 
            307528.74211305846, 
            323560.239280555, 
            526692.1725866448, 
            701233.3585870255, 
            807960.6617206063, 
            822762.3656931568, 
            599563.8613575371, 
            504434.7659313838, 
            495411.9634628942, 
            431689.4999015496, 
            397212.37490578013, 
            315779.4426614247, 
            237027.87560836994, 
            171773.61616636036, 
            180492.6662337506, 
            234186.59927422064, 
            283565.3066846091, 
            336584.464145012, 
            418617.30507615197, 
            463316.2327176983, 
            443561.15196045965, 
            498737.9231704363, 
            460601.27458682744, 
            368047.226119706, 
            513559.34935117286, 
            633400.067385069, 
            483322.6998662074, 
            729037.102045184, 
            764027.4894616031, 
            760626.7711614153, 
            656589.6735709449, 
            523038.7069493901, 
            422271.95008193474, 
            366271.9654841173, 
            340828.84421101, 
            273884.73183543765, 
            215245.42654170588, 
            190830.72131358332, 
            196312.6542783121, 
            243418.69250815065, 
            255950.55928056908, 
            321003.5121810852, 
            396432.2431853344, 
            428673.7376111865, 
            433373.7167239033, 
            742237.4614973298, 
            662412.7880484269, 
            584643.7009806999, 
            696064.6507502015, 
            565649.5940975826, 
            787919.4031377828, 
            646917.5178439984, 
            801731.6681845617, 
            678549.9511574369, 
            638862.1153442736, 
            587152.8816348941, 
            503994.4077242227, 
            435094.57629274117, 
            434277.9553051248, 
            361715.8672827196, 
            268449.23524823086, 
            220716.47163773255, 
            218109.2160357659, 
            233805.15117775335
        ]
    }, 
    "stdout": "Core profiler results\n======================\n\nTotal objects               2279 objects\nParallelism                    1 thread\nTotal time                   5.0 seconds\n  Core time                  1.2 seconds (23.3%)\n    Compiler                11.5 seconds (229.6%)\n    Instances                0.0 seconds (0.0%)\n    Random variables         0.0 seconds (0.0%)\n    Schedules                0.0 seconds (0.1%)\n    Loadshapes               0.0 seconds (0.2%)\n    Enduses                  0.0 seconds (0.3%)\n    Transforms               0.0 seconds (0.5%)\n  Model time                 3.8 seconds/thread (76.7%)\nSimulation time                4 days\nSimulation speed              46k object.hours/second\nPasses completed             102 passes\nTime steps completed         101 timesteps\nConvergence efficiency      1.01 passes/timestep\nRead lock contention        0.0%\nWrite lock contention       0.0%\nAverage timestep           3564 seconds/timestep\nSimulation rate           72000 x realtime\n\n\nModel profiler results\n======================\n\nClass            Time (s) Time (%) msec/obj\n---------------- -------- -------- --------\nnode               3.217     83.9%      6.6\ncollector          0.178      4.6%     35.6\nhouse              0.137      3.6%      0.4\nclimate            0.116      3.0%    116.0\ntriplex_meter      0.054      1.4%      0.3\noverhead_line      0.042      1.1%      0.1\nwaterheater        0.034      0.9%      0.1\ntransformer        0.019      0.5%      0.1\nZIPload            0.014      0.4%      0.0\nrecorder           0.009      0.2%      4.5\nfuse               0.007      0.2%      0.2\nunderground_line   0.007      0.2%      0.1\n================ ======== ======== ========\nTotal              3.834    100.0%      1.7", 
    "allMeterVoltages": {
        "Max": [
            120.346, 
            120.0045, 
            120.0075, 
            120.006, 
            120.0025, 
            119.9985, 
            120.0085, 
            120.0215, 
            120.0125, 
            120.0185, 
            120.0075, 
            119.999, 
            120.0575, 
            119.999, 
            120.053, 
            120.013, 
            119.989, 
            120.1375, 
            120.0715, 
            120.0125, 
            120.003, 
            120.018, 
            120.007, 
            120.0035, 
            120.0035, 
            120.0, 
            120.02, 
            120.009, 
            120.0065, 
            120.004, 
            120.003, 
            120.0135, 
            120.0135, 
            120.014, 
            120.011, 
            120.009, 
            120.026, 
            119.9985, 
            119.9905, 
            120.026, 
            120.0195, 
            120.129, 
            120.0285, 
            120.014, 
            120.0065, 
            120.0195, 
            120.01, 
            120.017, 
            120.0055, 
            120.005, 
            120.0085, 
            120.016, 
            120.0065, 
            120.004, 
            120.007, 
            120.012, 
            120.011, 
            120.0045, 
            120.025, 
            119.9985, 
            120.011, 
            120.038, 
            119.9865, 
            120.015, 
            120.05, 
            120.0825, 
            120.011, 
            120.0195, 
            120.021, 
            120.019, 
            120.015, 
            120.0215, 
            120.006, 
            120.0035, 
            120.012, 
            120.015, 
            120.003, 
            120.0015, 
            120.007, 
            120.0105, 
            120.018, 
            120.0115, 
            120.0565, 
            119.999, 
            120.0475, 
            120.023, 
            120.019, 
            120.0385, 
            120.035, 
            120.052, 
            120.0875, 
            120.008, 
            120.021, 
            120.0165, 
            120.01, 
            120.0075, 
            120.033, 
            120.0035, 
            120.008, 
            120.005
        ], 
        "Mean": [
            120.1295, 
            119.9425, 
            119.9395, 
            119.9265, 
            119.911, 
            119.895, 
            119.8575, 
            119.8525, 
            119.841, 
            119.7965, 
            119.8195, 
            119.833, 
            119.824, 
            119.801, 
            119.7105, 
            119.7285, 
            119.6415, 
            119.6695, 
            119.7535, 
            119.811, 
            119.848, 
            119.8725, 
            119.888, 
            119.9075, 
            119.9245, 
            119.9375, 
            119.931, 
            119.916, 
            119.9095, 
            119.898, 
            119.8665, 
            119.8535, 
            119.867, 
            119.862, 
            119.883, 
            119.8715, 
            119.8675, 
            119.8855, 
            119.785, 
            119.687, 
            119.656, 
            119.6185, 
            119.7545, 
            119.7925, 
            119.799, 
            119.8365, 
            119.8505, 
            119.887, 
            119.912, 
            119.9405, 
            119.937, 
            119.917, 
            119.9095, 
            119.889, 
            119.861, 
            119.8455, 
            119.8405, 
            119.7925, 
            119.813, 
            119.858, 
            119.769, 
            119.7235, 
            119.8025, 
            119.6735, 
            119.674, 
            119.6535, 
            119.7165, 
            119.7995, 
            119.838, 
            119.8665, 
            119.8765, 
            119.8975, 
            119.923, 
            119.931, 
            119.9265, 
            119.9085, 
            119.9155, 
            119.894, 
            119.8635, 
            119.8525, 
            119.841, 
            119.661, 
            119.711, 
            119.7405, 
            119.678, 
            119.7565, 
            119.6405, 
            119.7325, 
            119.629, 
            119.7155, 
            119.7075, 
            119.763, 
            119.806, 
            119.83, 
            119.8135, 
            119.859, 
            119.89, 
            119.914, 
            119.916, 
            119.9155
        ], 
        "StdDev": [
            0.095804, 
            0.0488767, 
            0.056278, 
            0.0648735, 
            0.068005, 
            0.075843, 
            0.1033275, 
            0.1505325, 
            0.1572525, 
            0.160315, 
            0.1400695, 
            0.139727, 
            0.156967, 
            0.157382, 
            0.236575, 
            0.232864, 
            0.3149795, 
            0.3021145, 
            0.2084415, 
            0.16819, 
            0.144838, 
            0.119649, 
            0.1014655, 
            0.07064, 
            0.0553165, 
            0.0524505, 
            0.0642175, 
            0.078424, 
            0.0863535, 
            0.069684, 
            0.1095705, 
            0.133804, 
            0.1167635, 
            0.114233, 
            0.087089, 
            0.0943175, 
            0.110855, 
            0.099981, 
            0.2008515, 
            0.277441, 
            0.2562365, 
            0.351235, 
            0.224519, 
            0.184338, 
            0.1696665, 
            0.150894, 
            0.13835, 
            0.0842605, 
            0.071957, 
            0.050994, 
            0.058761, 
            0.073917, 
            0.0754485, 
            0.075357, 
            0.1136, 
            0.1451355, 
            0.144066, 
            0.2016425, 
            0.147243, 
            0.1197845, 
            0.1877705, 
            0.206049, 
            0.1915705, 
            0.2738345, 
            0.292864, 
            0.3083305, 
            0.2566715, 
            0.1931355, 
            0.151697, 
            0.1158905, 
            0.108209, 
            0.089189, 
            0.0676105, 
            0.071583, 
            0.0690015, 
            0.081684, 
            0.0842745, 
            0.0808485, 
            0.111633, 
            0.13246, 
            0.1518375, 
            0.274113, 
            0.2148405, 
            0.2141805, 
            0.26949, 
            0.1888295, 
            0.29434, 
            0.219389, 
            0.325623, 
            0.2405145, 
            0.2765015, 
            0.196514, 
            0.1639605, 
            0.169162, 
            0.1670775, 
            0.123415, 
            0.097169, 
            0.072034, 
            0.064902, 
            0.085048
        ], 
        "Min": [
            119.972, 
            119.8285, 
            119.8015, 
            119.751, 
            119.7485, 
            119.6945, 
            119.596, 
            119.4485, 
            119.453, 
            119.4415, 
            119.466, 
            119.4585, 
            119.4545, 
            119.4105, 
            119.214, 
            119.223, 
            118.8555, 
            119.0525, 
            119.345, 
            119.3765, 
            119.4205, 
            119.5805, 
            119.6405, 
            119.7445, 
            119.8005, 
            119.816, 
            119.79, 
            119.72, 
            119.6925, 
            119.7225, 
            119.5715, 
            119.516, 
            119.603, 
            119.582, 
            119.6745, 
            119.6505, 
            119.618, 
            119.6305, 
            119.255, 
            119.0695, 
            119.131, 
            118.8975, 
            119.2215, 
            119.2505, 
            119.3705, 
            119.4895, 
            119.51, 
            119.7105, 
            119.743, 
            119.8235, 
            119.7965, 
            119.7285, 
            119.732, 
            119.701, 
            119.5585, 
            119.4685, 
            119.5015, 
            119.2865, 
            119.437, 
            119.5595, 
            119.3125, 
            119.3265, 
            119.3185, 
            119.102, 
            119.026, 
            119.0435, 
            119.06, 
            119.274, 
            119.451, 
            119.596, 
            119.618, 
            119.676, 
            119.7395, 
            119.721, 
            119.751, 
            119.715, 
            119.6885, 
            119.693, 
            119.5735, 
            119.5325, 
            119.4635, 
            119.0595, 
            119.3055, 
            119.209, 
            119.119, 
            119.327, 
            118.991, 
            119.2355, 
            118.932, 
            119.1735, 
            119.0825, 
            119.248, 
            119.368, 
            119.369, 
            119.4075, 
            119.5745, 
            119.7, 
            119.7195, 
            119.754, 
            119.6895
        ]
    }, 
    "stderr": "Processing 2014-07-30 09:00:00 PDT...\rProcessing 2014-07-31 12:00:00 PDT...\rProcessing 2014-08-01 15:00:00 PDT...\rProcessing 2014-08-02 18:00:00 PDT...", 
    "timeStamps": [
        "2014-07-30 00:00:00 PDT", 
        "2014-07-30 01:00:00 PDT", 
        "2014-07-30 02:00:00 PDT", 
        "2014-07-30 03:00:00 PDT", 
        "2014-07-30 04:00:00 PDT", 
        "2014-07-30 05:00:00 PDT", 
        "2014-07-30 06:00:00 PDT", 
        "2014-07-30 07:00:00 PDT", 
        "2014-07-30 08:00:00 PDT", 
        "2014-07-30 09:00:00 PDT", 
        "2014-07-30 10:00:00 PDT", 
        "2014-07-30 11:00:00 PDT", 
        "2014-07-30 12:00:00 PDT", 
        "2014-07-30 13:00:00 PDT", 
        "2014-07-30 14:00:00 PDT", 
        "2014-07-30 15:00:00 PDT", 
        "2014-07-30 16:00:00 PDT", 
        "2014-07-30 17:00:00 PDT", 
        "2014-07-30 18:00:00 PDT", 
        "2014-07-30 19:00:00 PDT", 
        "2014-07-30 20:00:00 PDT", 
        "2014-07-30 21:00:00 PDT", 
        "2014-07-30 22:00:00 PDT", 
        "2014-07-30 23:00:00 PDT", 
        "2014-07-31 00:00:00 PDT", 
        "2014-07-31 01:00:00 PDT", 
        "2014-07-31 02:00:00 PDT", 
        "2014-07-31 03:00:00 PDT", 
        "2014-07-31 04:00:00 PDT", 
        "2014-07-31 05:00:00 PDT", 
        "2014-07-31 06:00:00 PDT", 
        "2014-07-31 07:00:00 PDT", 
        "2014-07-31 08:00:00 PDT", 
        "2014-07-31 09:00:00 PDT", 
        "2014-07-31 10:00:00 PDT", 
        "2014-07-31 11:00:00 PDT", 
        "2014-07-31 12:00:00 PDT", 
        "2014-07-31 13:00:00 PDT", 
        "2014-07-31 14:00:00 PDT", 
        "2014-07-31 15:00:00 PDT", 
        "2014-07-31 16:00:00 PDT", 
        "2014-07-31 17:00:00 PDT", 
        "2014-07-31 18:00:00 PDT", 
        "2014-07-31 19:00:00 PDT", 
        "2014-07-31 20:00:00 PDT", 
        "2014-07-31 21:00:00 PDT", 
        "2014-07-31 22:00:00 PDT", 
        "2014-07-31 23:00:00 PDT", 
        "2014-08-01 00:00:00 PDT", 
        "2014-08-01 01:00:00 PDT", 
        "2014-08-01 02:00:00 PDT", 
        "2014-08-01 03:00:00 PDT", 
        "2014-08-01 04:00:00 PDT", 
        "2014-08-01 05:00:00 PDT", 
        "2014-08-01 06:00:00 PDT", 
        "2014-08-01 07:00:00 PDT", 
        "2014-08-01 08:00:00 PDT", 
        "2014-08-01 09:00:00 PDT", 
        "2014-08-01 10:00:00 PDT", 
        "2014-08-01 11:00:00 PDT", 
        "2014-08-01 12:00:00 PDT", 
        "2014-08-01 13:00:00 PDT", 
        "2014-08-01 14:00:00 PDT", 
        "2014-08-01 15:00:00 PDT", 
        "2014-08-01 16:00:00 PDT", 
        "2014-08-01 17:00:00 PDT", 
        "2014-08-01 18:00:00 PDT", 
        "2014-08-01 19:00:00 PDT", 
        "2014-08-01 20:00:00 PDT", 
        "2014-08-01 21:00:00 PDT", 
        "2014-08-01 22:00:00 PDT", 
        "2014-08-01 23:00:00 PDT", 
        "2014-08-02 00:00:00 PDT", 
        "2014-08-02 01:00:00 PDT", 
        "2014-08-02 02:00:00 PDT", 
        "2014-08-02 03:00:00 PDT", 
        "2014-08-02 04:00:00 PDT", 
        "2014-08-02 05:00:00 PDT", 
        "2014-08-02 06:00:00 PDT", 
        "2014-08-02 07:00:00 PDT", 
        "2014-08-02 08:00:00 PDT", 
        "2014-08-02 09:00:00 PDT", 
        "2014-08-02 10:00:00 PDT", 
        "2014-08-02 11:00:00 PDT", 
        "2014-08-02 12:00:00 PDT", 
        "2014-08-02 13:00:00 PDT", 
        "2014-08-02 14:00:00 PDT", 
        "2014-08-02 15:00:00 PDT", 
        "2014-08-02 16:00:00 PDT", 
        "2014-08-02 17:00:00 PDT", 
        "2014-08-02 18:00:00 PDT", 
        "2014-08-02 19:00:00 PDT", 
        "2014-08-02 20:00:00 PDT", 
        "2014-08-02 21:00:00 PDT", 
        "2014-08-02 22:00:00 PDT", 
        "2014-08-02 23:00:00 PDT", 
        "2014-08-03 00:00:00 PDT", 
        "2014-08-03 01:00:00 PDT", 
        "2014-08-03 02:00:00 PDT", 
        "2014-08-03 03:00:00 PDT"
    ]
}