{
    "climate": {
        "Rain Fall (in/h)": [
            0.94488, 
            0.98425, 
            0.98425, 
            1.06299, 
            1.14173, 
            1.22047, 
            1.22047, 
            1.22047, 
            1.1811, 
            1.1811, 
            1.22047, 
            1.22047, 
            1.1811, 
            1.1811, 
            1.14173, 
            1.14173, 
            1.14173, 
            1.14173, 
            1.1811, 
            1.22047, 
            1.22047, 
            1.25984, 
            1.25984, 
            1.25984, 
            1.25984, 
            1.22047, 
            1.22047, 
            1.1811, 
            1.1811, 
            1.14173, 
            1.1811, 
            1.22047, 
            1.22047, 
            1.1811, 
            1.14173, 
            1.10236, 
            1.02362, 
            0.90551, 
            0.74803, 
            0.74803, 
            0.74803, 
            0.74803, 
            0.90551, 
            1.02362, 
            1.10236, 
            1.14173, 
            1.1811, 
            1.1811, 
            1.14173, 
            1.14173, 
            1.1811, 
            1.1811, 
            1.22047, 
            1.25984, 
            1.25984, 
            1.29921, 
            1.25984, 
            1.29921, 
            1.29921, 
            1.22047, 
            1.14173, 
            0.94488, 
            0.86614, 
            0.82677, 
            0.90551, 
            0.86614, 
            0.90551, 
            0.90551, 
            0.94488, 
            0.94488, 
            1.02362, 
            1.06299, 
            1.06299, 
            1.06299, 
            1.10236, 
            1.10236, 
            1.14173, 
            1.14173, 
            1.1811, 
            1.22047, 
            1.1811, 
            1.14173, 
            1.06299, 
            1.06299, 
            0.90551, 
            0.98425, 
            0.90551, 
            0.86614, 
            0.86614, 
            0.94488, 
            0.90551, 
            0.90551, 
            0.90551, 
            0.86614, 
            0.90551, 
            0.94488, 
            0.90551, 
            1.02362, 
            1.02362, 
            1.10236
        ], 
        "Wind Speed (m/s)": null, 
        "Direct Insolation (W/m^2)": [
            0.0, 
            0.0, 
            0.0, 
            0.0, 
            0.0, 
            0.0, 
            0.185806, 
            0.185806, 
            0.557418, 
            0.371612, 
            0.278709, 
            0.464515, 
            0.185806, 
            0.185806, 
            0.092903, 
            8.63998, 
            11.7058, 
            7.89676, 
            10.3122, 
            0.278709, 
            0.0, 
            0.0, 
            0.0, 
            0.0, 
            0.0, 
            0.0, 
            0.0, 
            0.0, 
            0.0, 
            0.371612, 
            30.1006, 
            59.2721, 
            74.9728, 
            68.7482, 
            78.8747, 
            76.0876, 
            78.5031, 
            75.9947, 
            81.0115, 
            69.6773, 
            75.4373, 
            67.076, 
            40.227, 
            7.43224, 
            0.0, 
            0.0, 
            0.0, 
            0.0, 
            0.0, 
            0.0, 
            0.0, 
            0.0, 
            0.0, 
            0.185806, 
            8.54708, 
            27.5922, 
            60.1083, 
            55.7418, 
            72.2786, 
            66.6115, 
            70.2347, 
            73.765, 
            73.765, 
            76.9237, 
            66.3328, 
            61.7805, 
            47.2876, 
            7.80386, 
            0.0, 
            0.0, 
            0.0, 
            0.0, 
            0.0, 
            0.0, 
            0.0, 
            0.0, 
            0.0, 
            0.092903, 
            18.3019, 
            40.227, 
            46.7302, 
            57.0425, 
            55.1844, 
            61.1302, 
            54.4412, 
            62.5237, 
            58.436, 
            60.1083, 
            56.6709, 
            26.1058, 
            10.0335, 
            0.278709, 
            0.0, 
            0.0, 
            0.0, 
            0.0, 
            0.0, 
            0.0, 
            0.0, 
            0.0
        ], 
        "Temperature (F)": [
            75.022, 
            73.942, 
            73.042, 
            71.782, 
            70.342, 
            69.082, 
            70.342, 
            71.782, 
            73.042, 
            73.402, 
            73.582, 
            73.942, 
            71.602, 
            69.262, 
            66.922, 
            70.342, 
            73.582, 
            77.002, 
            76.282, 
            75.742, 
            75.022, 
            73.762, 
            72.322, 
            71.062, 
            69.982, 
            69.082, 
            68.002, 
            67.642, 
            67.282, 
            66.922, 
            70.342, 
            73.582, 
            77.002, 
            79.342, 
            81.682, 
            84.022, 
            86.002, 
            87.982, 
            89.962, 
            90.322, 
            90.682, 
            91.042, 
            87.442, 
            84.382, 
            82.042, 
            80.062, 
            79.162, 
            78.802, 
            80.242, 
            80.422, 
            80.602, 
            79.882, 
            79.162, 
            78.262, 
            78.982, 
            82.042, 
            84.922, 
            89.062, 
            91.942, 
            95.002, 
            96.982, 
            98.062, 
            100.042, 
            100.042, 
            100.042, 
            98.962, 
            96.982, 
            93.922, 
            91.042, 
            89.062, 
            87.082, 
            86.002, 
            84.022, 
            82.942, 
            82.042, 
            80.062, 
            80.062, 
            78.982, 
            78.082, 
            82.042, 
            84.022, 
            89.062, 
            91.042, 
            93.922, 
            98.062, 
            100.042, 
            100.942, 
            100.942, 
            100.942, 
            100.042, 
            98.062, 
            95.002, 
            91.942, 
            91.042, 
            89.062, 
            87.982, 
            87.082, 
            86.002, 
            82.942, 
            82.042
        ], 
        "Snow Depth (in)": [
            0.0, 
            0.0, 
            0.0, 
            0.0, 
            0.0, 
            0.0, 
            0.0, 
            0.0, 
            0.0, 
            0.0, 
            0.0, 
            0.0, 
            0.0, 
            0.0, 
            0.0, 
            0.0, 
            0.0, 
            0.0, 
            0.0, 
            0.0, 
            0.0, 
            0.0, 
            0.0, 
            0.0, 
            0.0, 
            0.0, 
            0.0, 
            0.0, 
            0.0, 
            0.0, 
            0.0, 
            0.0, 
            0.0, 
            0.0, 
            0.0, 
            0.0, 
            0.0, 
            0.0, 
            0.0, 
            0.0, 
            0.0, 
            0.0, 
            0.0, 
            0.0, 
            0.0, 
            0.0, 
            0.0, 
            0.0, 
            0.0, 
            0.0, 
            0.0, 
            0.0, 
            0.0, 
            0.0, 
            0.0, 
            0.0, 
            0.0, 
            0.0, 
            0.0, 
            0.0, 
            0.0, 
            0.0, 
            0.0, 
            0.0, 
            0.0, 
            0.0, 
            0.0, 
            0.0, 
            0.0, 
            0.0, 
            0.0, 
            0.0, 
            0.0, 
            0.0, 
            0.0, 
            0.0, 
            0.0, 
            0.0, 
            0.0, 
            0.0, 
            0.0, 
            0.0, 
            0.0, 
            0.0, 
            0.0, 
            0.0, 
            0.0, 
            0.0, 
            0.0, 
            0.0, 
            0.0, 
            0.0, 
            0.0, 
            0.0, 
            0.0, 
            0.0, 
            0.0, 
            0.0, 
            0.0, 
            0.0
        ]
    }, 
    "Consumption": {
        "DG": [
            0, 
            0, 
            0, 
            0, 
            0, 
            0, 
            0, 
            0, 
            0, 
            0, 
            0, 
            0, 
            0, 
            0, 
            0, 
            0, 
            0, 
            0, 
            0, 
            0, 
            0, 
            0, 
            0, 
            0, 
            0, 
            0, 
            0, 
            0, 
            0, 
            0, 
            0, 
            0, 
            0, 
            0, 
            0, 
            0, 
            0, 
            0, 
            0, 
            0, 
            0, 
            0, 
            0, 
            0, 
            0, 
            0, 
            0, 
            0, 
            0, 
            0, 
            0, 
            0, 
            0, 
            0, 
            0, 
            0, 
            0, 
            0, 
            0, 
            0, 
            0, 
            0, 
            0, 
            0, 
            0, 
            0, 
            0, 
            0, 
            0, 
            0, 
            0, 
            0, 
            0, 
            0, 
            0, 
            0, 
            0, 
            0, 
            0, 
            0, 
            0, 
            0, 
            0, 
            0, 
            0, 
            0, 
            0, 
            0, 
            0, 
            0, 
            0, 
            0, 
            0, 
            0, 
            0, 
            0, 
            0, 
            0, 
            0, 
            0
        ], 
        "Losses": [
            21270.43193287074, 
            84390.57451396991, 
            20187.916642194497, 
            15565.44851572816, 
            19767.46779647438, 
            20182.412592635264, 
            26114.550387782292, 
            27467.287011717417, 
            56516.29405154353, 
            45957.53232946813, 
            28762.78288439662, 
            25622.003509416987, 
            38626.33464964702, 
            85815.96553217668, 
            43822.44292777051, 
            38599.95143935575, 
            177269.55062126357, 
            84664.42490719455, 
            94540.97542888114, 
            73566.71587105026, 
            40740.38304917293, 
            31614.00094709978, 
            30043.555527463872, 
            16442.925019453796, 
            8193.593988222696, 
            4518.154125810368, 
            3685.6697283309536, 
            6070.259474905922, 
            9100.920546428408, 
            8789.651263824357, 
            15186.679563522337, 
            28929.58925754421, 
            68060.97764934754, 
            43550.750131280314, 
            33410.74110419331, 
            120975.04505875355, 
            50246.36478881635, 
            31522.999539936645, 
            267289.24097132724, 
            70201.22215500183, 
            319762.85089242226, 
            166235.7647819329, 
            190820.98637572012, 
            129566.81878864355, 
            94375.57371940439, 
            47504.78668767236, 
            49127.473505721435, 
            48080.407291669384, 
            26408.24354762896, 
            33123.94372627536, 
            28187.740239322673, 
            42691.80551614675, 
            32575.7548764559, 
            21500.039201203243, 
            40887.56399416373, 
            59680.53375461213, 
            119087.8887194321, 
            84208.52212812554, 
            108955.03405326509, 
            122477.61139345978, 
            159564.7292865251, 
            159112.09189968652, 
            191223.7746227529, 
            244844.16635768765, 
            338004.44773706666, 
            340279.2680703258, 
            200233.45412840674, 
            198725.9833360012, 
            143527.73765312484, 
            134119.0993181811, 
            85037.3119529089, 
            74593.42973057073, 
            33276.70538029336, 
            17219.85474033652, 
            19564.188745572952, 
            24134.16864893678, 
            16881.890269894167, 
            34117.18525022612, 
            124224.26373810065, 
            89689.48713408661, 
            142789.49671589496, 
            166164.3577369669, 
            161899.2112025686, 
            150150.61571652335, 
            169730.90693673573, 
            195072.81639277632, 
            336991.3729314292, 
            265651.0893973071, 
            253189.4874839366, 
            302262.47341799265, 
            202991.50621681305, 
            173445.98685103332, 
            133111.9738411584, 
            75170.52120316136, 
            51966.93401461185, 
            45660.95178599075, 
            35142.505942625285, 
            43474.967874556634, 
            23516.710467946596, 
            21405.36072431431
        ], 
        "Power": [
            739589.7700137557, 
            1579505.3211021766, 
            709486.5351139513, 
            -602991.5673349006, 
            696014.3873929619, 
            715348.3594683083, 
            815912.8288009694, 
            823375.8175717817, 
            1235429.7927863, 
            1103855.6717474437, 
            840972.2003930927, 
            763691.5790147224, 
            1010388.8816619074, 
            1546628.491969164, 
            1007482.7626838089, 
            981417.3844236712, 
            2208976.505980994, 
            1527676.6201193267, 
            1605802.4579392106, 
            1432998.6191790276, 
            1025760.7614926592, 
            907786.7955114791, 
            840322.1058171681, 
            667375.7948700567, 
            469468.38716067985, 
            354141.0267931266, 
            300028.5161899157, 
            380387.3233813242, 
            472223.64976825134, 
            484442.5215021036, 
            630713.0424920988, 
            893380.890715875, 
            1395228.5928194707, 
            1091720.496592878, 
            932608.6276037553, 
            1829430.155586433, 
            1175592.084279662, 
            931763.1796159365, 
            2760506.3240673803, 
            1414039.1019589945, 
            3015219.2307651527, 
            2203113.5978929913, 
            2334014.8519570306, 
            1932272.9583058497, 
            1610016.8514959712, 
            1139204.8142669518, 
            1159231.3236796183, 
            1140774.372895885, 
            825047.8409940844, 
            935027.9855053324, 
            881879.0243732072, 
            1076392.0249863616, 
            947337.8253691974, 
            756109.967347343, 
            1031310.9057580843, 
            1304285.8527317124, 
            1831296.2140145432, 
            1546960.477913059, 
            1703370.640109074, 
            1805382.1553536, 
            2126031.7279532775, 
            2093563.5806786476, 
            2316047.0203033444, 
            2625183.1492086416, 
            3140905.361977658, 
            3176503.6465625223, 
            2442970.0136235813, 
            2393748.7802557726, 
            2039101.165332473, 
            1963779.7445467657, 
            1528183.647695538, 
            1411788.99220103, 
            943119.9809955253, 
            623493.3829640857, 
            669477.311287694, 
            765507.1390130859, 
            665903.3157559813, 
            948331.8906577433, 
            1830926.91216471, 
            1579977.8222142865, 
            1974246.3738540842, 
            2158850.489177979, 
            2159987.781577479, 
            2061088.3756636928, 
            2208946.1511091664, 
            2353849.8330428815, 
            3131820.4624507134, 
            2821065.3770864652, 
            2672690.3758976646, 
            2979780.5361484257, 
            2444227.1621631244, 
            2230570.769417774, 
            1963215.6252330537, 
            1458947.500989669, 
            1188269.6293114624, 
            1116006.5774895772, 
            954659.456365986, 
            1066527.9745984161, 
            784800.6253328867, 
            761696.1196587849
        ]
    }, 
    "stdout": "Core profiler results\n======================\n\nTotal objects               3081 objects\nParallelism                    1 thread\nTotal time                  11.0 seconds\n  Core time                  3.7 seconds (33.6%)\n    Compiler                13.6 seconds (124.1%)\n    Instances                0.0 seconds (0.0%)\n    Random variables         0.0 seconds (0.0%)\n    Schedules                0.0 seconds (0.0%)\n    Loadshapes               0.1 seconds (1.2%)\n    Enduses                  0.2 seconds (1.8%)\n    Transforms               0.3 seconds (3.2%)\n  Model time                 7.3 seconds/thread (66.4%)\nSimulation time                4 days\nSimulation speed              28k object.hours/second\nPasses completed             615 passes\nTime steps completed         101 timesteps\nConvergence efficiency      6.09 passes/timestep\nRead lock contention        0.0%\nWrite lock contention       0.0%\nAverage timestep           3564 seconds/timestep\nSimulation rate           32727 x realtime\n\n\nModel profiler results\n======================\n\nClass            Time (s) Time (%) msec/obj\n---------------- -------- -------- --------\nhouse              2.127     29.1%      3.4\ncollector          1.907     26.1%    317.8\ntriplex_meter      1.311     17.9%      2.0\ntriplex_line       0.978     13.4%      1.6\nwaterheater        0.424      5.8%      1.0\nZIPload            0.236      3.2%      0.4\nclimate            0.170      2.3%    170.0\ntransformer        0.046      0.6%      2.2\nnode               0.037      0.5%      2.2\nrecorder           0.034      0.5%      8.5\noverhead_line      0.016      0.2%      1.8\ncapacitor          0.009      0.1%      4.5\nregulator          0.006      0.1%      6.0\nunderground_line   0.003      0.0%      1.5\nvolt_var_control   0.002      0.0%      2.0\nswitch             0.001      0.0%      1.0\n================ ======== ======== ========\nTotal              7.307    100.0%      2.4", 
    "allMeterVoltages": {
        "Max": [
            121.685, 
            120.271, 
            121.6755, 
            121.7645, 
            121.5175, 
            121.6705, 
            121.8095, 
            121.8285, 
            121.255, 
            121.759, 
            121.875, 
            121.7885, 
            121.2485, 
            120.3965, 
            122.103, 
            121.811, 
            121.002, 
            121.121, 
            121.284, 
            120.678, 
            120.9, 
            121.004, 
            121.994, 
            120.414, 
            120.129, 
            119.796, 
            120.005, 
            120.145, 
            120.079, 
            120.1865, 
            120.43, 
            120.1195, 
            119.4575, 
            119.8735, 
            120.684, 
            120.3505, 
            120.2565, 
            120.667, 
            118.8735, 
            119.752, 
            119.3545, 
            119.733, 
            118.9885, 
            121.124, 
            120.462, 
            121.042, 
            121.1515, 
            121.2185, 
            120.555, 
            120.1355, 
            120.319, 
            120.1985, 
            119.869, 
            120.7465, 
            121.1385, 
            119.916, 
            119.9135, 
            120.0755, 
            120.97, 
            121.951, 
            119.409, 
            121.731, 
            119.3755, 
            121.3745, 
            120.134, 
            119.4435, 
            119.392, 
            120.297, 
            119.8275, 
            120.404, 
            121.0395, 
            121.575, 
            121.178, 
            121.43, 
            121.4935, 
            121.537, 
            120.1205, 
            120.639, 
            121.0165, 
            119.121, 
            120.748, 
            119.691, 
            119.6605, 
            120.371, 
            120.5285, 
            120.854, 
            119.1225, 
            119.964, 
            120.9005, 
            118.8675, 
            120.547, 
            119.625, 
            120.5165, 
            120.1825, 
            121.558, 
            120.6075, 
            121.2355, 
            121.37, 
            120.215, 
            120.2275
        ], 
        "Mean": [
            120.3115, 
            117.2835, 
            119.1445, 
            119.1085, 
            118.393, 
            117.9545, 
            117.2795, 
            116.712, 
            114.9725, 
            115.151, 
            115.581, 
            115.1045, 
            114.2795, 
            112.662, 
            113.896, 
            113.9615, 
            111.119, 
            113.1515, 
            112.9315, 
            113.3335, 
            114.012, 
            114.1285, 
            113.993, 
            113.1405, 
            113.0505, 
            113.233, 
            113.334, 
            113.213, 
            113.0595, 
            113.115, 
            112.926, 
            112.344, 
            111.4125, 
            112.319, 
            113.0785, 
            111.343, 
            113.013, 
            113.3845, 
            108.7755, 
            112.2955, 
            108.878, 
            111.201, 
            110.9335, 
            113.1345, 
            113.352, 
            114.388, 
            114.075, 
            113.6495, 
            113.212, 
            112.904, 
            113.1565, 
            112.684, 
            113.007, 
            113.572, 
            113.126, 
            112.463, 
            111.435, 
            112.363, 
            112.743, 
            112.7925, 
            111.911, 
            112.3555, 
            111.762, 
            111.6935, 
            110.6905, 
            110.87, 
            112.2865, 
            112.1595, 
            112.6635, 
            112.657, 
            113.3435, 
            113.6075, 
            114.404, 
            114.875, 
            114.475, 
            114.082, 
            113.1155, 
            112.5185, 
            111.01, 
            111.6405, 
            111.158, 
            110.874, 
            111.171, 
            112.2255, 
            111.921, 
            111.887, 
            110.181, 
            111.531, 
            111.7585, 
            110.9235, 
            112.3985, 
            112.4085, 
            112.9445, 
            113.793, 
            114.293, 
            113.923, 
            114.0685, 
            113.458, 
            112.944, 
            113.144
        ], 
        "StdDev": [
            1.00556, 
            2.189245, 
            1.801065, 
            1.89943, 
            2.247255, 
            2.690635, 
            3.247705, 
            3.68132, 
            4.332405, 
            4.68566, 
            4.56061, 
            4.756845, 
            4.884905, 
            5.29135, 
            5.8511, 
            5.8361, 
            6.58015, 
            5.6832, 
            5.7784, 
            5.2402, 
            4.96977, 
            5.12305, 
            5.89375, 
            5.41075, 
            5.3563, 
            5.0222, 
            5.0914, 
            5.18615, 
            5.1713, 
            5.2805, 
            5.5314, 
            5.57665, 
            5.5485, 
            5.5186, 
            5.52155, 
            6.3022, 
            5.31145, 
            5.5862, 
            6.5044, 
            5.2872, 
            6.7522, 
            5.75785, 
            5.22895, 
            5.7959, 
            5.04145, 
            5.20305, 
            5.4744, 
            5.48125, 
            5.2376, 
            5.1973, 
            5.59585, 
            5.42445, 
            4.90757, 
            5.2793, 
            5.81715, 
            5.31295, 
            5.8517, 
            5.48785, 
            5.56865, 
            6.74925, 
            4.90197, 
            6.8173, 
            4.91558, 
            6.72395, 
            6.31185, 
            5.65635, 
            5.0646, 
            5.59295, 
            5.0537, 
            5.4839, 
            5.4685, 
            5.8087, 
            5.1902, 
            5.00265, 
            5.2486, 
            5.49605, 
            5.08865, 
            5.8153, 
            6.9129, 
            4.93909, 
            6.58895, 
            5.93145, 
            5.83215, 
            5.58445, 
            5.961, 
            6.2873, 
            5.7213, 
            6.1237, 
            6.0785, 
            5.2433, 
            5.79835, 
            4.924265, 
            5.45145, 
            4.869245, 
            5.5507, 
            4.91989, 
            5.47355, 
            5.76815, 
            5.19985, 
            5.2522
        ], 
        "Min": [
            118.837, 
            114.114, 
            117.16, 
            116.9575, 
            115.8645, 
            115.2775, 
            114.1955, 
            112.9945, 
            110.3505, 
            110.9195, 
            111.572, 
            110.8925, 
            109.848, 
            108.0515, 
            108.6605, 
            107.3845, 
            105.5325, 
            106.639, 
            106.631, 
            107.3265, 
            108.2795, 
            108.19, 
            107.9605, 
            107.17, 
            106.945, 
            107.3035, 
            107.5995, 
            107.5, 
            107.522, 
            107.259, 
            106.859, 
            106.3975, 
            105.327, 
            105.367, 
            106.521, 
            103.443, 
            106.2015, 
            106.0155, 
            102.2815, 
            105.848, 
            101.673, 
            104.3645, 
            103.9135, 
            105.54, 
            106.724, 
            107.2245, 
            106.8275, 
            107.2125, 
            107.4295, 
            107.361, 
            105.782, 
            106.0055, 
            107.251, 
            107.4455, 
            106.377, 
            105.9955, 
            104.7185, 
            104.9795, 
            106.6415, 
            103.845, 
            106.516, 
            103.2155, 
            106.131, 
            102.547, 
            102.4685, 
            103.209, 
            104.634, 
            104.623, 
            105.4705, 
            105.3375, 
            106.5265, 
            106.6465, 
            107.8215, 
            108.3765, 
            108.2525, 
            108.184, 
            107.6285, 
            106.248, 
            103.912, 
            106.869, 
            103.298, 
            104.301, 
            103.2585, 
            105.7405, 
            104.0175, 
            103.852, 
            103.141, 
            102.245, 
            104.262, 
            103.564, 
            104.1825, 
            105.3785, 
            105.6725, 
            106.5515, 
            107.1025, 
            107.745, 
            107.186, 
            107.314, 
            107.118, 
            106.918
        ]
    }, 
    "stderr": "Processing 2014-07-30 09:00:00 PDT...\rProcessing 2014-07-30 19:00:00 PDT...\rProcessing 2014-07-31 08:00:00 PDT...\rProcessing 2014-07-31 18:00:00 PDT...\rProcessing 2014-08-01 04:00:00 PDT...\rProcessing 2014-08-01 17:00:00 PDT...\rProcessing 2014-08-02 05:00:00 PDT...\rProcessing 2014-08-02 14:00:00 PDT...\rProcessing 2014-08-03 04:00:00 PDT...", 
    "timeStamps": [
        "2014-07-30 00:00:00 PDT", 
        "2014-07-30 01:00:00 PDT", 
        "2014-07-30 02:00:00 PDT", 
        "2014-07-30 03:00:00 PDT", 
        "2014-07-30 04:00:00 PDT", 
        "2014-07-30 05:00:00 PDT", 
        "2014-07-30 06:00:00 PDT", 
        "2014-07-30 07:00:00 PDT", 
        "2014-07-30 08:00:00 PDT", 
        "2014-07-30 09:00:00 PDT", 
        "2014-07-30 10:00:00 PDT", 
        "2014-07-30 11:00:00 PDT", 
        "2014-07-30 12:00:00 PDT", 
        "2014-07-30 13:00:00 PDT", 
        "2014-07-30 14:00:00 PDT", 
        "2014-07-30 15:00:00 PDT", 
        "2014-07-30 16:00:00 PDT", 
        "2014-07-30 17:00:00 PDT", 
        "2014-07-30 18:00:00 PDT", 
        "2014-07-30 19:00:00 PDT", 
        "2014-07-30 20:00:00 PDT", 
        "2014-07-30 21:00:00 PDT", 
        "2014-07-30 22:00:00 PDT", 
        "2014-07-30 23:00:00 PDT", 
        "2014-07-31 00:00:00 PDT", 
        "2014-07-31 01:00:00 PDT", 
        "2014-07-31 02:00:00 PDT", 
        "2014-07-31 03:00:00 PDT", 
        "2014-07-31 04:00:00 PDT", 
        "2014-07-31 05:00:00 PDT", 
        "2014-07-31 06:00:00 PDT", 
        "2014-07-31 07:00:00 PDT", 
        "2014-07-31 08:00:00 PDT", 
        "2014-07-31 09:00:00 PDT", 
        "2014-07-31 10:00:00 PDT", 
        "2014-07-31 11:00:00 PDT", 
        "2014-07-31 12:00:00 PDT", 
        "2014-07-31 13:00:00 PDT", 
        "2014-07-31 14:00:00 PDT", 
        "2014-07-31 15:00:00 PDT", 
        "2014-07-31 16:00:00 PDT", 
        "2014-07-31 17:00:00 PDT", 
        "2014-07-31 18:00:00 PDT", 
        "2014-07-31 19:00:00 PDT", 
        "2014-07-31 20:00:00 PDT", 
        "2014-07-31 21:00:00 PDT", 
        "2014-07-31 22:00:00 PDT", 
        "2014-07-31 23:00:00 PDT", 
        "2014-08-01 00:00:00 PDT", 
        "2014-08-01 01:00:00 PDT", 
        "2014-08-01 02:00:00 PDT", 
        "2014-08-01 03:00:00 PDT", 
        "2014-08-01 04:00:00 PDT", 
        "2014-08-01 05:00:00 PDT", 
        "2014-08-01 06:00:00 PDT", 
        "2014-08-01 07:00:00 PDT", 
        "2014-08-01 08:00:00 PDT", 
        "2014-08-01 09:00:00 PDT", 
        "2014-08-01 10:00:00 PDT", 
        "2014-08-01 11:00:00 PDT", 
        "2014-08-01 12:00:00 PDT", 
        "2014-08-01 13:00:00 PDT", 
        "2014-08-01 14:00:00 PDT", 
        "2014-08-01 15:00:00 PDT", 
        "2014-08-01 16:00:00 PDT", 
        "2014-08-01 17:00:00 PDT", 
        "2014-08-01 18:00:00 PDT", 
        "2014-08-01 19:00:00 PDT", 
        "2014-08-01 20:00:00 PDT", 
        "2014-08-01 21:00:00 PDT", 
        "2014-08-01 22:00:00 PDT", 
        "2014-08-01 23:00:00 PDT", 
        "2014-08-02 00:00:00 PDT", 
        "2014-08-02 01:00:00 PDT", 
        "2014-08-02 02:00:00 PDT", 
        "2014-08-02 03:00:00 PDT", 
        "2014-08-02 04:00:00 PDT", 
        "2014-08-02 05:00:00 PDT", 
        "2014-08-02 06:00:00 PDT", 
        "2014-08-02 07:00:00 PDT", 
        "2014-08-02 08:00:00 PDT", 
        "2014-08-02 09:00:00 PDT", 
        "2014-08-02 10:00:00 PDT", 
        "2014-08-02 11:00:00 PDT", 
        "2014-08-02 12:00:00 PDT", 
        "2014-08-02 13:00:00 PDT", 
        "2014-08-02 14:00:00 PDT", 
        "2014-08-02 15:00:00 PDT", 
        "2014-08-02 16:00:00 PDT", 
        "2014-08-02 17:00:00 PDT", 
        "2014-08-02 18:00:00 PDT", 
        "2014-08-02 19:00:00 PDT", 
        "2014-08-02 20:00:00 PDT", 
        "2014-08-02 21:00:00 PDT", 
        "2014-08-02 22:00:00 PDT", 
        "2014-08-02 23:00:00 PDT", 
        "2014-08-03 00:00:00 PDT", 
        "2014-08-03 01:00:00 PDT", 
        "2014-08-03 02:00:00 PDT", 
        "2014-08-03 03:00:00 PDT"
    ]
}