# file...... Capacitor_CAP1.csv
# date...... Wed Jul 30 11:18:45 2014
# user...... jxh10
# host...... (null)
# target.... capacitor 56
# trigger... (none)
# interval.. 3600
# limit..... 0
# timestamp,switchA,switchB,switchC
2014-07-30 00:00:00 PDT,CLOSED,CLOSED,CLOSED
2014-07-30 01:00:00 PDT,CLOSED,CLOSED,CLOSED
2014-07-30 02:00:00 PDT,CLOSED,CLOSED,CLOSED
2014-07-30 03:00:00 PDT,CLOSED,CLOSED,CLOSED
2014-07-30 04:00:00 PDT,CLOSED,CLOSED,CLOSED
2014-07-30 05:00:00 PDT,CLOSED,CLOSED,CLOSED
2014-07-30 06:00:00 PDT,CLOSED,CLOSED,CLOSED
2014-07-30 07:00:00 PDT,CLOSED,CLOSED,CLOSED
2014-07-30 08:00:00 PDT,CLOSED,CLOSED,CLOSED
2014-07-30 09:00:00 PDT,CLOSED,CLOSED,CLOSED
2014-07-30 10:00:00 PDT,CLOSED,CLOSED,CLOSED
2014-07-30 11:00:00 PDT,CLOSED,CLOSED,CLOSED
2014-07-30 12:00:00 PDT,CLOSED,CLOSED,CLOSED
2014-07-30 13:00:00 PDT,CLOSED,CLOSED,CLOSED
2014-07-30 14:00:00 PDT,CLOSED,CLOSED,CLOSED
2014-07-30 15:00:00 PDT,CLOSED,CLOSED,CLOSED
2014-07-30 16:00:00 PDT,CLOSED,CLOSED,CLOSED
2014-07-30 17:00:00 PDT,CLOSED,CLOSED,CLOSED
2014-07-30 18:00:00 PDT,CLOSED,CLOSED,CLOSED
2014-07-30 19:00:00 PDT,CLOSED,CLOSED,CLOSED
2014-07-30 20:00:00 PDT,CLOSED,CLOSED,CLOSED
2014-07-30 21:00:00 PDT,CLOSED,CLOSED,CLOSED
2014-07-30 22:00:00 PDT,CLOSED,CLOSED,CLOSED
2014-07-30 23:00:00 PDT,OPEN,OPEN,OPEN
2014-07-31 00:00:00 PDT,OPEN,OPEN,OPEN
2014-07-31 01:00:00 PDT,OPEN,OPEN,OPEN
2014-07-31 02:00:00 PDT,OPEN,OPEN,OPEN
2014-07-31 03:00:00 PDT,OPEN,OPEN,OPEN
2014-07-31 04:00:00 PDT,OPEN,OPEN,OPEN
2014-07-31 05:00:00 PDT,OPEN,OPEN,OPEN
2014-07-31 06:00:00 PDT,OPEN,OPEN,OPEN
2014-07-31 07:00:00 PDT,OPEN,OPEN,OPEN
2014-07-31 08:00:00 PDT,OPEN,OPEN,OPEN
2014-07-31 09:00:00 PDT,OPEN,OPEN,OPEN
2014-07-31 10:00:00 PDT,OPEN,OPEN,OPEN
2014-07-31 11:00:00 PDT,OPEN,OPEN,OPEN
2014-07-31 12:00:00 PDT,OPEN,OPEN,OPEN
2014-07-31 13:00:00 PDT,OPEN,OPEN,OPEN
2014-07-31 14:00:00 PDT,OPEN,OPEN,OPEN
2014-07-31 15:00:00 PDT,OPEN,OPEN,OPEN
2014-07-31 16:00:00 PDT,OPEN,OPEN,OPEN
2014-07-31 17:00:00 PDT,OPEN,OPEN,OPEN
2014-07-31 18:00:00 PDT,OPEN,OPEN,OPEN
2014-07-31 19:00:00 PDT,CLOSED,CLOSED,CLOSED
2014-07-31 20:00:00 PDT,CLOSED,CLOSED,CLOSED
2014-07-31 21:00:00 PDT,CLOSED,CLOSED,CLOSED
2014-07-31 22:00:00 PDT,CLOSED,CLOSED,CLOSED
2014-07-31 23:00:00 PDT,CLOSED,CLOSED,CLOSED
2014-08-01 00:00:00 PDT,OPEN,OPEN,OPEN
2014-08-01 01:00:00 PDT,OPEN,OPEN,OPEN
2014-08-01 02:00:00 PDT,OPEN,OPEN,OPEN
2014-08-01 03:00:00 PDT,OPEN,OPEN,OPEN
2014-08-01 04:00:00 PDT,OPEN,OPEN,OPEN
2014-08-01 05:00:00 PDT,OPEN,OPEN,OPEN
2014-08-01 06:00:00 PDT,OPEN,OPEN,OPEN
2014-08-01 07:00:00 PDT,OPEN,OPEN,OPEN
2014-08-01 08:00:00 PDT,OPEN,OPEN,OPEN
2014-08-01 09:00:00 PDT,OPEN,OPEN,OPEN
2014-08-01 10:00:00 PDT,CLOSED,CLOSED,CLOSED
2014-08-01 11:00:00 PDT,CLOSED,CLOSED,CLOSED
2014-08-01 12:00:00 PDT,CLOSED,CLOSED,CLOSED
2014-08-01 13:00:00 PDT,CLOSED,CLOSED,CLOSED
2014-08-01 14:00:00 PDT,CLOSED,CLOSED,CLOSED
2014-08-01 15:00:00 PDT,CLOSED,CLOSED,CLOSED
2014-08-01 16:00:00 PDT,CLOSED,CLOSED,CLOSED
2014-08-01 17:00:00 PDT,CLOSED,CLOSED,CLOSED
2014-08-01 18:00:00 PDT,CLOSED,CLOSED,CLOSED
2014-08-01 19:00:00 PDT,CLOSED,CLOSED,CLOSED
2014-08-01 20:00:00 PDT,CLOSED,CLOSED,CLOSED
2014-08-01 21:00:00 PDT,CLOSED,CLOSED,CLOSED
2014-08-01 22:00:00 PDT,CLOSED,CLOSED,CLOSED
2014-08-01 23:00:00 PDT,CLOSED,CLOSED,CLOSED
2014-08-02 00:00:00 PDT,CLOSED,CLOSED,CLOSED
2014-08-02 01:00:00 PDT,CLOSED,CLOSED,CLOSED
2014-08-02 02:00:00 PDT,CLOSED,CLOSED,CLOSED
2014-08-02 03:00:00 PDT,CLOSED,CLOSED,CLOSED
2014-08-02 04:00:00 PDT,OPEN,OPEN,OPEN
2014-08-02 05:00:00 PDT,OPEN,OPEN,OPEN
2014-08-02 06:00:00 PDT,OPEN,OPEN,OPEN
2014-08-02 07:00:00 PDT,OPEN,OPEN,OPEN
2014-08-02 08:00:00 PDT,OPEN,OPEN,OPEN
2014-08-02 09:00:00 PDT,OPEN,OPEN,OPEN
2014-08-02 10:00:00 PDT,OPEN,OPEN,OPEN
2014-08-02 11:00:00 PDT,CLOSED,CLOSED,CLOSED
2014-08-02 12:00:00 PDT,CLOSED,CLOSED,CLOSED
2014-08-02 13:00:00 PDT,CLOSED,CLOSED,CLOSED
2014-08-02 14:00:00 PDT,CLOSED,CLOSED,CLOSED
2014-08-02 15:00:00 PDT,CLOSED,CLOSED,CLOSED
2014-08-02 16:00:00 PDT,CLOSED,CLOSED,CLOSED
2014-08-02 17:00:00 PDT,CLOSED,CLOSED,CLOSED
2014-08-02 18:00:00 PDT,CLOSED,CLOSED,CLOSED
2014-08-02 19:00:00 PDT,CLOSED,CLOSED,CLOSED
2014-08-02 20:00:00 PDT,CLOSED,CLOSED,CLOSED
2014-08-02 21:00:00 PDT,CLOSED,CLOSED,CLOSED
2014-08-02 22:00:00 PDT,CLOSED,CLOSED,CLOSED
2014-08-02 23:00:00 PDT,CLOSED,CLOSED,CLOSED
2014-08-03 00:00:00 PDT,CLOSED,CLOSED,CLOSED
2014-08-03 01:00:00 PDT,CLOSED,CLOSED,CLOSED
2014-08-03 02:00:00 PDT,OPEN,OPEN,OPEN
2014-08-03 03:00:00 PDT,OPEN,OPEN,OPEN
