{
    "peakDemandCostFallPerKw": "24", 
    "feederName": "public___ABEC Columbia", 
    "modelType": "cvrStatic", 
    "omCost": "200", 
    "augPeak": "5610000", 
    "novPeak": "1340000", 
    "febAvg": "897000", 
    "aprAvg": "864000", 
    "mayPeak": "4580000", 
    "peakDemandCostSpringPerKw": "20", 
    "wholesaleEnergyCostPerKwh": "0.05", 
    "julAvg": "3570000", 
    "baselineTap": "3", 
    "sepPeak": "3740000", 
    "p_percent": "0.5", 
    "janPeak": "1290000", 
    "marAvg": "731000", 
    "decAvg": "1030000", 
    "z_percent": "0.5", 
    "retailEnergyCostPerKwh": "0.2", 
    "julPeak": "6260000", 
    "febPeak": "1110000", 
    "sepAvg": "1370000", 
    "augAvg": "3380000", 
    "peakDemandCostWinterPerKw": "32", 
    "novAvg": "1020000", 
    "janAvg": "914000", 
    "mayAvg": "1620000", 
    "aprPeak": "2170000", 
    "created": "2014-07-30 11:32:17.982000", 
    "junPeak": "5550000", 
    "power_factor": "0.9", 
    "capitalCost": "30000", 
    "peakDemandCostSummerPerKw": "40", 
    "octAvg": "1030000", 
    "decPeak": "1280000", 
    "marPeak": "1030000", 
    "junAvg": "2210000", 
    "runTime": "0:00:58", 
    "octPeak": "1940000", 
    "i_percent": "0"
}