{
    "feeder_13 Node Ref Feeder Laid Out ZERO CVR": {
        "stderr": "Processing 2014-07-30 00:00:00 PDT...\rProcessing 2014-07-30 02:00:00 PDT...\rProcessing 2014-07-30 05:00:00 PDT...\rProcessing 2014-07-30 07:00:00 PDT...\rProcessing 2014-07-30 09:00:00 PDT...\rProcessing 2014-07-30 12:00:00 PDT...\rProcessing 2014-07-30 13:00:00 PDT...\rProcessing 2014-07-30 16:00:00 PDT...\rProcessing 2014-07-30 17:00:00 PDT...\rProcessing 2014-07-30 20:00:00 PDT...\rProcessing 2014-07-30 22:00:00 PDT...\rProcessing 2014-07-31 01:00:00 PDT...\rProcessing 2014-07-31 03:00:00 PDT...\rProcessing 2014-07-31 06:00:00 PDT...\rProcessing 2014-07-31 08:00:00 PDT...\rProcessing 2014-07-31 10:00:00 PDT...\rProcessing 2014-07-31 12:00:00 PDT...\rProcessing 2014-07-31 13:00:00 PDT...\rProcessing 2014-07-31 14:00:00 PDT...\rProcessing 2014-07-31 16:00:00 PDT...\rProcessing 2014-07-31 16:00:00 PDT...\rProcessing 2014-07-31 17:00:00 PDT...\rProcessing 2014-07-31 18:00:00 PDT...\rProcessing 2014-07-31 19:00:00 PDT...\rProcessing 2014-07-31 20:00:00 PDT...\rProcessing 2014-07-31 21:00:00 PDT...\rProcessing 2014-08-01 00:00:00 PDT...\rProcessing 2014-08-01 02:00:00 PDT...\rProcessing 2014-08-01 05:00:00 PDT...\rProcessing 2014-08-01 07:00:00 PDT...\rProcessing 2014-08-01 09:00:00 PDT...\rProcessing 2014-08-01 10:00:00 PDT...\rProcessing 2014-08-01 11:00:00 PDT...\rProcessing 2014-08-01 13:00:00 PDT...\rProcessing 2014-08-01 14:00:00 PDT...\rProcessing 2014-08-01 15:00:00 PDT...\rProcessing 2014-08-01 16:00:00 PDT...\rProcessing 2014-08-01 17:00:00 PDT...\rProcessing 2014-08-01 18:00:00 PDT...\rProcessing 2014-08-01 20:00:00 PDT...\rProcessing 2014-08-01 22:00:00 PDT...\rProcessing 2014-08-01 23:00:00 PDT...\rProcessing 2014-08-02 01:00:00 PDT...\rProcessing 2014-08-02 03:00:00 PDT...\rProcessing 2014-08-02 06:00:00 PDT...\rProcessing 2014-08-02 07:00:00 PDT...\rProcessing 2014-08-02 09:00:00 PDT...\rProcessing 2014-08-02 10:00:00 PDT...\rProcessing 2014-08-02 11:00:00 PDT...\rProcessing 2014-08-02 13:00:00 PDT...\rProcessing 2014-08-02 14:00:00 PDT...\rProcessing 2014-08-02 14:00:00 PDT...\rProcessing 2014-08-02 15:00:00 PDT...\rProcessing 2014-08-02 16:00:00 PDT...\rProcessing 2014-08-02 17:00:00 PDT...\rProcessing 2014-08-02 19:00:00 PDT...\rProcessing 2014-08-02 20:00:00 PDT...\rProcessing 2014-08-02 22:00:00 PDT...\rProcessing 2014-08-03 00:00:00 PDT...\rProcessing 2014-08-03 02:00:00 PDT...\rProcessing 2014-08-03 04:00:00 PDT...", 
        "allMeterVoltages": {
            "Max": [
                122.4425, 
                119.802, 
                120.796, 
                120.872, 
                120.7975, 
                120.8495, 
                121.0165, 
                120.4075, 
                119.883, 
                120.6875, 
                120.295, 
                120.4745, 
                119.8065, 
                119.574, 
                121.134, 
                120.736, 
                119.098, 
                120.243, 
                119.759, 
                120.681, 
                120.4475, 
                121.2175, 
                120.884, 
                121.1275, 
                121.491, 
                120.966, 
                121.0525, 
                120.802, 
                120.7635, 
                120.853, 
                120.684, 
                120.3915, 
                119.8515, 
                120.608, 
                120.1415, 
                119.418, 
                120.2295, 
                120.6445, 
                119.294, 
                121.045, 
                118.9855, 
                121.1235, 
                120.425, 
                121.52, 
                120.8825, 
                121.9385, 
                121.881, 
                122.0215, 
                121.5725, 
                121.3505, 
                121.181, 
                121.284, 
                121.368, 
                122.0155, 
                121.459, 
                121.1585, 
                120.0155, 
                121.623, 
                120.637, 
                121.167, 
                120.542, 
                120.406, 
                120.519, 
                120.6825, 
                120.3665, 
                121.1425, 
                122.377, 
                122.556, 
                122.0195, 
                123.697, 
                122.959, 
                122.5185, 
                123.057, 
                122.657, 
                122.0985, 
                120.9835, 
                121.1995, 
                120.728, 
                120.334, 
                120.6405, 
                120.3695, 
                120.2225, 
                120.783, 
                121.417, 
                120.914, 
                121.2345, 
                119.9585, 
                121.3935, 
                121.34, 
                121.4105, 
                121.6415, 
                121.64, 
                122.2445, 
                123.902, 
                123.842, 
                122.0035, 
                122.2935, 
                121.728, 
                121.3405, 
                121.5695
            ], 
            "Min": [
                120.3515, 
                114.913, 
                118.7435, 
                119.468, 
                119.1825, 
                119.2815, 
                118.731, 
                118.4095, 
                117.2025, 
                117.455, 
                118.77, 
                118.7295, 
                118.321, 
                116.857, 
                118.384, 
                118.682, 
                113.5315, 
                118.507, 
                116.432, 
                117.1145, 
                117.9755, 
                118.1685, 
                119.152, 
                119.0085, 
                119.6455, 
                119.372, 
                119.6745, 
                119.534, 
                119.3705, 
                119.579, 
                119.504, 
                118.5765, 
                116.4635, 
                118.128, 
                118.3015, 
                114.9615, 
                118.2645, 
                118.3785, 
                111.3, 
                118.33, 
                111.974, 
                116.7515, 
                116.1055, 
                115.4475, 
                117.5575, 
                118.2385, 
                118.0935, 
                117.521, 
                118.8775, 
                118.325, 
                118.8145, 
                117.753, 
                117.8845, 
                119.096, 
                118.75, 
                117.5515, 
                116.1375, 
                116.6675, 
                115.1015, 
                117.3315, 
                113.552, 
                116.6835, 
                115.1835, 
                116.355, 
                114.2445, 
                113.445, 
                116.8175, 
                116.6065, 
                117.7625, 
                115.8505, 
                118.704, 
                118.339, 
                118.885, 
                118.3015, 
                119.134, 
                119.232, 
                118.712, 
                118.0105, 
                114.7855, 
                116.37, 
                114.5675, 
                115.541, 
                116.279, 
                113.367, 
                115.8685, 
                112.0585, 
                113.191, 
                115.2895, 
                115.3545, 
                114.7005, 
                117.496, 
                116.887, 
                117.459, 
                117.435, 
                118.361, 
                119.3025, 
                119.348, 
                118.5, 
                118.706, 
                120.0765
            ], 
            "StdDev": [
                0.733585, 
                1.66168, 
                0.711845, 
                0.449489, 
                0.51934, 
                0.472392, 
                0.691365, 
                0.62948, 
                0.774555, 
                0.871215, 
                0.403189, 
                0.489406, 
                0.4642875, 
                0.727405, 
                0.67544, 
                0.419555, 
                1.672085, 
                0.50488, 
                0.99841, 
                0.90056, 
                0.592315, 
                0.833785, 
                0.331219, 
                0.4584985, 
                0.51752, 
                0.4456685, 
                0.3894875, 
                0.312532, 
                0.332883, 
                0.287678, 
                0.258047, 
                0.495724, 
                0.997465, 
                0.763345, 
                0.54053, 
                1.39309, 
                0.50963, 
                0.547655, 
                2.407845, 
                0.798215, 
                2.156185, 
                1.459105, 
                1.162705, 
                1.841325, 
                0.707175, 
                0.903055, 
                0.89913, 
                1.149845, 
                0.629555, 
                0.79503, 
                0.71888, 
                0.82231, 
                0.85487, 
                0.84941, 
                0.562255, 
                1.00626, 
                1.04803, 
                1.41216, 
                1.61322, 
                0.896905, 
                2.08582, 
                0.949685, 
                1.22987, 
                1.27685, 
                1.641245, 
                1.6768, 
                1.074895, 
                1.176185, 
                0.875935, 
                2.08051, 
                0.798375, 
                0.87053, 
                1.200365, 
                1.40167, 
                0.874305, 
                0.346385, 
                0.564185, 
                0.58404, 
                1.707225, 
                1.15955, 
                1.715955, 
                1.238465, 
                1.085675, 
                2.650105, 
                1.225095, 
                3.19995, 
                1.59126, 
                1.808205, 
                1.676605, 
                1.49465, 
                1.111335, 
                1.094215, 
                0.95381, 
                1.873565, 
                1.805865, 
                0.487104, 
                0.77786, 
                0.807055, 
                0.562915, 
                0.275227
            ], 
            "Mean": [
                121.5505, 
                117.477, 
                120.2255, 
                120.1845, 
                119.9895, 
                120.006, 
                119.812, 
                119.487, 
                118.536, 
                119.3735, 
                119.5115, 
                119.5685, 
                118.907, 
                117.881, 
                119.696, 
                119.46, 
                116.5155, 
                119.3055, 
                117.99, 
                118.6815, 
                119.1785, 
                119.702, 
                119.837, 
                119.971, 
                120.264, 
                120.1995, 
                120.3185, 
                120.173, 
                120.0745, 
                120.104, 
                119.921, 
                119.3435, 
                118.1285, 
                119.263, 
                119.056, 
                117.163, 
                119.1235, 
                119.2145, 
                115.1455, 
                119.5155, 
                115.334, 
                118.553, 
                117.9085, 
                118.9575, 
                118.796, 
                119.9315, 
                119.8835, 
                119.6015, 
                119.8685, 
                119.8325, 
                119.8125, 
                119.4245, 
                119.633, 
                120.202, 
                119.9515, 
                119.198, 
                118.011, 
                119.239, 
                117.8585, 
                118.983, 
                117.2135, 
                118.1395, 
                117.5945, 
                117.9395, 
                117.0305, 
                116.8265, 
                118.9355, 
                118.595, 
                119.2355, 
                119.287, 
                120.2315, 
                120.041, 
                120.6215, 
                120.735, 
                120.6, 
                119.9155, 
                119.8785, 
                119.2985, 
                117.668, 
                118.6795, 
                117.576, 
                117.706, 
                118.398, 
                117.8705, 
                118.3455, 
                117.5005, 
                116.2655, 
                118.065, 
                118.3755, 
                117.645, 
                119.3315, 
                118.8595, 
                119.086, 
                120.2895, 
                120.534, 
                120.112, 
                120.479, 
                119.98, 
                119.9195, 
                120.5545
            ]
        }, 
        "Consumption": {
            "DG": [
                0, 
                0, 
                0, 
                0, 
                0, 
                0, 
                0, 
                0, 
                0, 
                0, 
                0, 
                0, 
                0, 
                0, 
                0, 
                0, 
                0, 
                0, 
                0, 
                0, 
                0, 
                0, 
                0, 
                0, 
                0, 
                0, 
                0, 
                0, 
                0, 
                0, 
                0, 
                0, 
                0, 
                0, 
                0, 
                0, 
                0, 
                0, 
                0, 
                0, 
                0, 
                0, 
                0, 
                0, 
                0, 
                0, 
                0, 
                0, 
                0, 
                0, 
                0, 
                0, 
                0, 
                0, 
                0, 
                0, 
                0, 
                0, 
                0, 
                0, 
                0, 
                0, 
                0, 
                0, 
                0, 
                0, 
                0, 
                0, 
                0, 
                0, 
                0, 
                0, 
                0, 
                0, 
                0, 
                0, 
                0, 
                0, 
                0, 
                0, 
                0, 
                0, 
                0, 
                0, 
                0, 
                0, 
                0, 
                0, 
                0, 
                0, 
                0, 
                0, 
                0, 
                0, 
                0, 
                0, 
                0, 
                0, 
                0, 
                0
            ], 
            "Losses": [
                21561.415606663955, 
                84503.63533111975, 
                13325.4628532443, 
                6355.457558639231, 
                10401.709195128957, 
                10855.694988720477, 
                17357.353892462008, 
                18655.268766441463, 
                51765.71716860863, 
                38553.25050591247, 
                21141.911204898755, 
                15925.024300561243, 
                34221.81126837012, 
                81758.65546970704, 
                34284.47607446605, 
                31064.774593481143, 
                169303.12650540602, 
                72568.6657332129, 
                84645.23519632549, 
                72033.76106305225, 
                37020.326035231745, 
                22289.70476914427, 
                19405.097143833085, 
                14271.967142898846, 
                8976.969526805651, 
                4657.1963812389195, 
                3670.055828321769, 
                6334.1328844352165, 
                8336.98715706038, 
                8583.845120916629, 
                13889.270049625935, 
                30313.819806170413, 
                67168.76646775364, 
                36438.15013910548, 
                32318.23950532285, 
                106256.05105934644, 
                45795.62601298025, 
                29923.90953898095, 
                251258.88963475326, 
                69039.07552604256, 
                291167.9972604408, 
                145970.87154683715, 
                194307.80625467523, 
                101395.28600229963, 
                106194.47665075236, 
                37230.69524408177, 
                37357.11799595014, 
                43899.884482276444, 
                27410.917129026308, 
                25414.48450161944, 
                30058.30765551159, 
                40022.71859721879, 
                34326.78178458991, 
                23932.82620230182, 
                32461.121042921593, 
                57405.453767616986, 
                112183.3581126479, 
                63543.42146077217, 
                127187.03382699104, 
                83257.69906090404, 
                180984.8738217987, 
                120181.98702496324, 
                191407.55299631026, 
                231607.61404771122, 
                286908.94981188414, 
                347520.4566395344, 
                188663.23578169197, 
                190043.14872254996, 
                157477.12155148888, 
                123354.68861981883, 
                80984.2490977813, 
                59686.61739515722, 
                28963.53528107047, 
                15800.714983655538, 
                10007.807746350343, 
                15941.701341515245, 
                16978.51214138153, 
                35089.072662052895, 
                123213.6129664054, 
                77562.45243311083, 
                129196.50727110777, 
                163563.59697158774, 
                136558.68231425606, 
                163730.39777428197, 
                132978.2454672421, 
                193073.3352566989, 
                303863.5801345817, 
                241716.74899245743, 
                236911.0406073016, 
                289663.8902273842, 
                178248.0800589043, 
                173105.6666668614, 
                124023.68952719717, 
                61273.98878161592, 
                43943.14412820534, 
                48699.19725625599, 
                24901.174581339084, 
                28760.228307886326, 
                31006.714152939552, 
                18202.4631203539
            ], 
            "Power": [
                752123.5558051616, 
                1625717.114566984, 
                611534.8696342998, 
                421403.791148955, 
                550860.5296165628, 
                582951.2979536486, 
                728392.1492212076, 
                733901.5217377602, 
                1260989.1840571037, 
                1100918.1556443514, 
                794910.5625687458, 
                667712.3380393386, 
                1040804.3696699203, 
                1620444.4723979281, 
                996728.5376165569, 
                974064.2180811283, 
                2331356.966991756, 
                1512564.3778365303, 
                1614322.0360621978, 
                1549672.369540091, 
                1059027.9672775408, 
                837731.6969968427, 
                751319.9566404782, 
                648376.8102810665, 
                525139.6370013313, 
                367139.7572378126, 
                316125.184789344, 
                408332.44327932224, 
                478546.0991431368, 
                511939.367081609, 
                649825.9578042801, 
                968889.9891093983, 
                1436692.6080049274, 
                1073454.212176863, 
                990428.4770835297, 
                1799716.5156849008, 
                1229362.0402468916, 
                973851.2028462049, 
                2825478.1703555947, 
                1474157.4758962952, 
                3050680.325517572, 
                2137856.4562196406, 
                2480394.740972493, 
                1825389.4611222013, 
                1780675.4593864093, 
                1086648.5349923405, 
                1076882.591977417, 
                1195556.2391293016, 
                934628.1359995536, 
                895905.0295851675, 
                897985.2317761134, 
                1118390.497858418, 
                1021643.3573414942, 
                889588.200562485, 
                1012034.1082438872, 
                1306474.923687401, 
                1864355.63346589, 
                1452034.7646857495, 
                1902946.5957256919, 
                1671122.8845826988, 
                2355148.4322328814, 
                1995165.880332009, 
                2503104.833373145, 
                2703498.009501949, 
                3039117.293512213, 
                3410998.9813712933, 
                2470707.9893512307, 
                2505572.3742931476, 
                2175417.3003136665, 
                2034360.427260617, 
                1575804.7153997223, 
                1339962.4315065702, 
                996044.1403963983, 
                682402.5596529954, 
                544074.5866031697, 
                690561.6961622183, 
                700064.3546989376, 
                1041423.1639084086, 
                1937616.849509727, 
                1582348.5663898457, 
                1937663.6039323234, 
                2275353.152529075, 
                2139036.858995422, 
                2212859.561007883, 
                2111323.6301877075, 
                2390112.485394987, 
                3226495.563232034, 
                2790269.552267128, 
                2750347.1560666664, 
                3140694.7522795014, 
                2389888.6577796885, 
                2346101.4640592593, 
                2008640.105725513, 
                1423166.9354295721, 
                1223409.6122313247, 
                1204804.6607516923, 
                893857.3585813342, 
                975826.2169751333, 
                972598.8927656662, 
                735973.5624832525
            ]
        }, 
        "stdout": "Core profiler results\n======================\n\nTotal objects               3080 objects\nParallelism                    1 thread\nTotal time                  62.0 seconds\n  Core time                  2.4 seconds (3.9%)\n    Compiler                11.6 seconds (18.8%)\n    Instances                0.0 seconds (0.0%)\n    Random variables         0.0 seconds (0.0%)\n    Schedules                0.0 seconds (0.0%)\n    Loadshapes               0.1 seconds (0.1%)\n    Enduses                  0.1 seconds (0.1%)\n    Transforms               0.1 seconds (0.1%)\n  Model time                59.6 seconds/thread (96.1%)\nSimulation time                4 days\nSimulation speed             5.0k object.hours/second\nPasses completed             202 passes\nTime steps completed         101 timesteps\nConvergence efficiency      2.00 passes/timestep\nRead lock contention        0.0%\nWrite lock contention       0.0%\nAverage timestep           3564 seconds/timestep\nSimulation rate            5806 x realtime\n\n\nModel profiler results\n======================\n\nClass            Time (s) Time (%) msec/obj\n---------------- -------- -------- --------\nnode              57.343     96.2%   3373.1\nhouse              0.680      1.1%      1.1\ncollector          0.603      1.0%    100.5\ntriplex_meter      0.468      0.8%      0.7\ntriplex_line       0.145      0.2%      0.2\nwaterheater        0.128      0.2%      0.3\nclimate            0.113      0.2%    113.0\nZIPload            0.069      0.1%      0.1\nrecorder           0.027      0.0%      6.8\ntransformer        0.005      0.0%      0.2\noverhead_line      0.002      0.0%      0.2\nregulator          0.002      0.0%      2.0\ncapacitor          0.001      0.0%      0.5\n================ ======== ======== ========\nTotal             59.586    100.0%     19.3"
    }, 
    "climate": {
        "Rain Fall (in/h)": [
            0.94488, 
            0.98425, 
            0.98425, 
            1.06299, 
            1.14173, 
            1.22047, 
            1.22047, 
            1.22047, 
            1.1811, 
            1.1811, 
            1.22047, 
            1.22047, 
            1.1811, 
            1.1811, 
            1.14173, 
            1.14173, 
            1.14173, 
            1.14173, 
            1.1811, 
            1.22047, 
            1.22047, 
            1.25984, 
            1.25984, 
            1.25984, 
            1.25984, 
            1.22047, 
            1.22047, 
            1.1811, 
            1.1811, 
            1.14173, 
            1.1811, 
            1.22047, 
            1.22047, 
            1.1811, 
            1.14173, 
            1.10236, 
            1.02362, 
            0.90551, 
            0.74803, 
            0.74803, 
            0.74803, 
            0.74803, 
            0.90551, 
            1.02362, 
            1.10236, 
            1.14173, 
            1.1811, 
            1.1811, 
            1.14173, 
            1.14173, 
            1.1811, 
            1.1811, 
            1.22047, 
            1.25984, 
            1.25984, 
            1.29921, 
            1.25984, 
            1.29921, 
            1.29921, 
            1.22047, 
            1.14173, 
            0.94488, 
            0.86614, 
            0.82677, 
            0.90551, 
            0.86614, 
            0.90551, 
            0.90551, 
            0.94488, 
            0.94488, 
            1.02362, 
            1.06299, 
            1.06299, 
            1.06299, 
            1.10236, 
            1.10236, 
            1.14173, 
            1.14173, 
            1.1811, 
            1.22047, 
            1.1811, 
            1.14173, 
            1.06299, 
            1.06299, 
            0.90551, 
            0.98425, 
            0.90551, 
            0.86614, 
            0.86614, 
            0.94488, 
            0.90551, 
            0.90551, 
            0.90551, 
            0.86614, 
            0.90551, 
            0.94488, 
            0.90551, 
            1.02362, 
            1.02362, 
            1.10236
        ], 
        "Wind Speed (m/s)": null, 
        "Direct Insolation (W/m^2)": [
            0.0, 
            0.0, 
            0.0, 
            0.0, 
            0.0, 
            0.0, 
            0.185806, 
            0.185806, 
            0.557418, 
            0.371612, 
            0.278709, 
            0.464515, 
            0.185806, 
            0.185806, 
            0.092903, 
            8.63998, 
            11.7058, 
            7.89676, 
            10.3122, 
            0.278709, 
            0.0, 
            0.0, 
            0.0, 
            0.0, 
            0.0, 
            0.0, 
            0.0, 
            0.0, 
            0.0, 
            0.371612, 
            30.1006, 
            59.2721, 
            74.9728, 
            68.7482, 
            78.8747, 
            76.0876, 
            78.5031, 
            75.9947, 
            81.0115, 
            69.6773, 
            75.4373, 
            67.076, 
            40.227, 
            7.43224, 
            0.0, 
            0.0, 
            0.0, 
            0.0, 
            0.0, 
            0.0, 
            0.0, 
            0.0, 
            0.0, 
            0.185806, 
            8.54708, 
            27.5922, 
            60.1083, 
            55.7418, 
            72.2786, 
            66.6115, 
            70.2347, 
            73.765, 
            73.765, 
            76.9237, 
            66.3328, 
            61.7805, 
            47.2876, 
            7.80386, 
            0.0, 
            0.0, 
            0.0, 
            0.0, 
            0.0, 
            0.0, 
            0.0, 
            0.0, 
            0.0, 
            0.092903, 
            18.3019, 
            40.227, 
            46.7302, 
            57.0425, 
            55.1844, 
            61.1302, 
            54.4412, 
            62.5237, 
            58.436, 
            60.1083, 
            56.6709, 
            26.1058, 
            10.0335, 
            0.278709, 
            0.0, 
            0.0, 
            0.0, 
            0.0, 
            0.0, 
            0.0, 
            0.0, 
            0.0
        ], 
        "Temperature (F)": [
            75.022, 
            73.942, 
            73.042, 
            71.782, 
            70.342, 
            69.082, 
            70.342, 
            71.782, 
            73.042, 
            73.402, 
            73.582, 
            73.942, 
            71.602, 
            69.262, 
            66.922, 
            70.342, 
            73.582, 
            77.002, 
            76.282, 
            75.742, 
            75.022, 
            73.762, 
            72.322, 
            71.062, 
            69.982, 
            69.082, 
            68.002, 
            67.642, 
            67.282, 
            66.922, 
            70.342, 
            73.582, 
            77.002, 
            79.342, 
            81.682, 
            84.022, 
            86.002, 
            87.982, 
            89.962, 
            90.322, 
            90.682, 
            91.042, 
            87.442, 
            84.382, 
            82.042, 
            80.062, 
            79.162, 
            78.802, 
            80.242, 
            80.422, 
            80.602, 
            79.882, 
            79.162, 
            78.262, 
            78.982, 
            82.042, 
            84.922, 
            89.062, 
            91.942, 
            95.002, 
            96.982, 
            98.062, 
            100.042, 
            100.042, 
            100.042, 
            98.962, 
            96.982, 
            93.922, 
            91.042, 
            89.062, 
            87.082, 
            86.002, 
            84.022, 
            82.942, 
            82.042, 
            80.062, 
            80.062, 
            78.982, 
            78.082, 
            82.042, 
            84.022, 
            89.062, 
            91.042, 
            93.922, 
            98.062, 
            100.042, 
            100.942, 
            100.942, 
            100.942, 
            100.042, 
            98.062, 
            95.002, 
            91.942, 
            91.042, 
            89.062, 
            87.982, 
            87.082, 
            86.002, 
            82.942, 
            82.042
        ], 
        "Snow Depth (in)": [
            0.0, 
            0.0, 
            0.0, 
            0.0, 
            0.0, 
            0.0, 
            0.0, 
            0.0, 
            0.0, 
            0.0, 
            0.0, 
            0.0, 
            0.0, 
            0.0, 
            0.0, 
            0.0, 
            0.0, 
            0.0, 
            0.0, 
            0.0, 
            0.0, 
            0.0, 
            0.0, 
            0.0, 
            0.0, 
            0.0, 
            0.0, 
            0.0, 
            0.0, 
            0.0, 
            0.0, 
            0.0, 
            0.0, 
            0.0, 
            0.0, 
            0.0, 
            0.0, 
            0.0, 
            0.0, 
            0.0, 
            0.0, 
            0.0, 
            0.0, 
            0.0, 
            0.0, 
            0.0, 
            0.0, 
            0.0, 
            0.0, 
            0.0, 
            0.0, 
            0.0, 
            0.0, 
            0.0, 
            0.0, 
            0.0, 
            0.0, 
            0.0, 
            0.0, 
            0.0, 
            0.0, 
            0.0, 
            0.0, 
            0.0, 
            0.0, 
            0.0, 
            0.0, 
            0.0, 
            0.0, 
            0.0, 
            0.0, 
            0.0, 
            0.0, 
            0.0, 
            0.0, 
            0.0, 
            0.0, 
            0.0, 
            0.0, 
            0.0, 
            0.0, 
            0.0, 
            0.0, 
            0.0, 
            0.0, 
            0.0, 
            0.0, 
            0.0, 
            0.0, 
            0.0, 
            0.0, 
            0.0, 
            0.0, 
            0.0, 
            0.0, 
            0.0, 
            0.0, 
            0.0, 
            0.0, 
            0.0
        ]
    }, 
    "numOfFeeders": 2, 
    "feeder_13 Node Ref Feeder Flat": {
        "stderr": "Processing 2014-07-30 09:00:00 PDT...\rProcessing 2014-07-30 19:00:00 PDT...\rProcessing 2014-07-31 08:00:00 PDT...\rProcessing 2014-07-31 18:00:00 PDT...\rProcessing 2014-08-01 04:00:00 PDT...\rProcessing 2014-08-01 17:00:00 PDT...\rProcessing 2014-08-02 05:00:00 PDT...\rProcessing 2014-08-02 14:00:00 PDT...\rProcessing 2014-08-03 04:00:00 PDT...", 
        "allMeterVoltages": {
            "Max": [
                121.685, 
                120.271, 
                121.6755, 
                121.7645, 
                121.5175, 
                121.6705, 
                121.8095, 
                121.8285, 
                121.255, 
                121.759, 
                121.875, 
                121.7885, 
                121.2485, 
                120.3965, 
                122.103, 
                121.811, 
                121.002, 
                121.121, 
                121.284, 
                120.678, 
                120.9, 
                121.004, 
                121.994, 
                120.414, 
                120.129, 
                119.796, 
                120.005, 
                120.145, 
                120.079, 
                120.1865, 
                120.43, 
                120.1195, 
                119.4575, 
                119.8735, 
                120.684, 
                120.3505, 
                120.2565, 
                120.667, 
                118.8735, 
                119.752, 
                119.3545, 
                119.733, 
                118.9885, 
                121.124, 
                120.462, 
                121.042, 
                121.1515, 
                121.2185, 
                120.555, 
                120.1355, 
                120.319, 
                120.1985, 
                119.869, 
                120.7465, 
                121.1385, 
                119.916, 
                119.9135, 
                120.0755, 
                120.97, 
                121.951, 
                119.409, 
                121.731, 
                119.3755, 
                121.3745, 
                120.134, 
                119.4435, 
                119.392, 
                120.297, 
                119.8275, 
                120.404, 
                121.0395, 
                121.575, 
                121.178, 
                121.43, 
                121.4935, 
                121.537, 
                120.1205, 
                120.639, 
                121.0165, 
                119.121, 
                120.748, 
                119.691, 
                119.6605, 
                120.371, 
                120.5285, 
                120.854, 
                119.1225, 
                119.964, 
                120.9005, 
                118.8675, 
                120.547, 
                119.625, 
                120.5165, 
                120.1825, 
                121.558, 
                120.6075, 
                121.2355, 
                121.37, 
                120.215, 
                120.2275
            ], 
            "Min": [
                118.837, 
                114.114, 
                117.16, 
                116.9575, 
                115.8645, 
                115.2775, 
                114.1955, 
                112.9945, 
                110.3505, 
                110.9195, 
                111.572, 
                110.8925, 
                109.848, 
                108.0515, 
                108.6605, 
                107.3845, 
                105.5325, 
                106.639, 
                106.631, 
                107.3265, 
                108.2795, 
                108.19, 
                107.9605, 
                107.17, 
                106.945, 
                107.3035, 
                107.5995, 
                107.5, 
                107.522, 
                107.259, 
                106.859, 
                106.3975, 
                105.327, 
                105.367, 
                106.521, 
                103.443, 
                106.2015, 
                106.0155, 
                102.2815, 
                105.848, 
                101.673, 
                104.3645, 
                103.9135, 
                105.54, 
                106.724, 
                107.2245, 
                106.8275, 
                107.2125, 
                107.4295, 
                107.361, 
                105.782, 
                106.0055, 
                107.251, 
                107.4455, 
                106.377, 
                105.9955, 
                104.7185, 
                104.9795, 
                106.6415, 
                103.845, 
                106.516, 
                103.2155, 
                106.131, 
                102.547, 
                102.4685, 
                103.209, 
                104.634, 
                104.623, 
                105.4705, 
                105.3375, 
                106.5265, 
                106.6465, 
                107.8215, 
                108.3765, 
                108.2525, 
                108.184, 
                107.6285, 
                106.248, 
                103.912, 
                106.869, 
                103.298, 
                104.301, 
                103.2585, 
                105.7405, 
                104.0175, 
                103.852, 
                103.141, 
                102.245, 
                104.262, 
                103.564, 
                104.1825, 
                105.3785, 
                105.6725, 
                106.5515, 
                107.1025, 
                107.745, 
                107.186, 
                107.314, 
                107.118, 
                106.918
            ], 
            "StdDev": [
                1.00556, 
                2.189245, 
                1.801065, 
                1.89943, 
                2.247255, 
                2.690635, 
                3.247705, 
                3.68132, 
                4.332405, 
                4.68566, 
                4.56061, 
                4.756845, 
                4.884905, 
                5.29135, 
                5.8511, 
                5.8361, 
                6.58015, 
                5.6832, 
                5.7784, 
                5.2402, 
                4.96977, 
                5.12305, 
                5.89375, 
                5.41075, 
                5.3563, 
                5.0222, 
                5.0914, 
                5.18615, 
                5.1713, 
                5.2805, 
                5.5314, 
                5.57665, 
                5.5485, 
                5.5186, 
                5.52155, 
                6.3022, 
                5.31145, 
                5.5862, 
                6.5044, 
                5.2872, 
                6.7522, 
                5.75785, 
                5.22895, 
                5.7959, 
                5.04145, 
                5.20305, 
                5.4744, 
                5.48125, 
                5.2376, 
                5.1973, 
                5.59585, 
                5.42445, 
                4.90757, 
                5.2793, 
                5.81715, 
                5.31295, 
                5.8517, 
                5.48785, 
                5.56865, 
                6.74925, 
                4.90197, 
                6.8173, 
                4.91558, 
                6.72395, 
                6.31185, 
                5.65635, 
                5.0646, 
                5.59295, 
                5.0537, 
                5.4839, 
                5.4685, 
                5.8087, 
                5.1902, 
                5.00265, 
                5.2486, 
                5.49605, 
                5.08865, 
                5.8153, 
                6.9129, 
                4.93909, 
                6.58895, 
                5.93145, 
                5.83215, 
                5.58445, 
                5.961, 
                6.2873, 
                5.7213, 
                6.1237, 
                6.0785, 
                5.2433, 
                5.79835, 
                4.924265, 
                5.45145, 
                4.869245, 
                5.5507, 
                4.91989, 
                5.47355, 
                5.76815, 
                5.19985, 
                5.2522
            ], 
            "Mean": [
                120.3115, 
                117.2835, 
                119.1445, 
                119.1085, 
                118.393, 
                117.9545, 
                117.2795, 
                116.712, 
                114.9725, 
                115.151, 
                115.581, 
                115.1045, 
                114.2795, 
                112.662, 
                113.896, 
                113.9615, 
                111.119, 
                113.1515, 
                112.9315, 
                113.3335, 
                114.012, 
                114.1285, 
                113.993, 
                113.1405, 
                113.0505, 
                113.233, 
                113.334, 
                113.213, 
                113.0595, 
                113.115, 
                112.926, 
                112.344, 
                111.4125, 
                112.319, 
                113.0785, 
                111.343, 
                113.013, 
                113.3845, 
                108.7755, 
                112.2955, 
                108.878, 
                111.201, 
                110.9335, 
                113.1345, 
                113.352, 
                114.388, 
                114.075, 
                113.6495, 
                113.212, 
                112.904, 
                113.1565, 
                112.684, 
                113.007, 
                113.572, 
                113.126, 
                112.463, 
                111.435, 
                112.363, 
                112.743, 
                112.7925, 
                111.911, 
                112.3555, 
                111.762, 
                111.6935, 
                110.6905, 
                110.87, 
                112.2865, 
                112.1595, 
                112.6635, 
                112.657, 
                113.3435, 
                113.6075, 
                114.404, 
                114.875, 
                114.475, 
                114.082, 
                113.1155, 
                112.5185, 
                111.01, 
                111.6405, 
                111.158, 
                110.874, 
                111.171, 
                112.2255, 
                111.921, 
                111.887, 
                110.181, 
                111.531, 
                111.7585, 
                110.9235, 
                112.3985, 
                112.4085, 
                112.9445, 
                113.793, 
                114.293, 
                113.923, 
                114.0685, 
                113.458, 
                112.944, 
                113.144
            ]
        }, 
        "Consumption": {
            "DG": [
                0, 
                0, 
                0, 
                0, 
                0, 
                0, 
                0, 
                0, 
                0, 
                0, 
                0, 
                0, 
                0, 
                0, 
                0, 
                0, 
                0, 
                0, 
                0, 
                0, 
                0, 
                0, 
                0, 
                0, 
                0, 
                0, 
                0, 
                0, 
                0, 
                0, 
                0, 
                0, 
                0, 
                0, 
                0, 
                0, 
                0, 
                0, 
                0, 
                0, 
                0, 
                0, 
                0, 
                0, 
                0, 
                0, 
                0, 
                0, 
                0, 
                0, 
                0, 
                0, 
                0, 
                0, 
                0, 
                0, 
                0, 
                0, 
                0, 
                0, 
                0, 
                0, 
                0, 
                0, 
                0, 
                0, 
                0, 
                0, 
                0, 
                0, 
                0, 
                0, 
                0, 
                0, 
                0, 
                0, 
                0, 
                0, 
                0, 
                0, 
                0, 
                0, 
                0, 
                0, 
                0, 
                0, 
                0, 
                0, 
                0, 
                0, 
                0, 
                0, 
                0, 
                0, 
                0, 
                0, 
                0, 
                0, 
                0, 
                0
            ], 
            "Losses": [
                21270.43193287074, 
                84390.57451396991, 
                20187.916642194497, 
                15565.44851572816, 
                19767.46779647438, 
                20182.412592635264, 
                26114.550387782292, 
                27467.287011717417, 
                56516.29405154353, 
                45957.53232946813, 
                28762.78288439662, 
                25622.003509416987, 
                38626.33464964702, 
                85815.96553217668, 
                43822.44292777051, 
                38599.95143935575, 
                177269.55062126357, 
                84664.42490719455, 
                94540.97542888114, 
                73566.71587105026, 
                40740.38304917293, 
                31614.00094709978, 
                30043.555527463872, 
                16442.925019453796, 
                8193.593988222696, 
                4518.154125810368, 
                3685.6697283309536, 
                6070.259474905922, 
                9100.920546428408, 
                8789.651263824357, 
                15186.679563522337, 
                28929.58925754421, 
                68060.97764934754, 
                43550.750131280314, 
                33410.74110419331, 
                120975.04505875355, 
                50246.36478881635, 
                31522.999539936645, 
                267289.24097132724, 
                70201.22215500183, 
                319762.85089242226, 
                166235.7647819329, 
                190820.98637572012, 
                129566.81878864355, 
                94375.57371940439, 
                47504.78668767236, 
                49127.473505721435, 
                48080.407291669384, 
                26408.24354762896, 
                33123.94372627536, 
                28187.740239322673, 
                42691.80551614675, 
                32575.7548764559, 
                21500.039201203243, 
                40887.56399416373, 
                59680.53375461213, 
                119087.8887194321, 
                84208.52212812554, 
                108955.03405326509, 
                122477.61139345978, 
                159564.7292865251, 
                159112.09189968652, 
                191223.7746227529, 
                244844.16635768765, 
                338004.44773706666, 
                340279.2680703258, 
                200233.45412840674, 
                198725.9833360012, 
                143527.73765312484, 
                134119.0993181811, 
                85037.3119529089, 
                74593.42973057073, 
                33276.70538029336, 
                17219.85474033652, 
                19564.188745572952, 
                24134.16864893678, 
                16881.890269894167, 
                34117.18525022612, 
                124224.26373810065, 
                89689.48713408661, 
                142789.49671589496, 
                166164.3577369669, 
                161899.2112025686, 
                150150.61571652335, 
                169730.90693673573, 
                195072.81639277632, 
                336991.3729314292, 
                265651.0893973071, 
                253189.4874839366, 
                302262.47341799265, 
                202991.50621681305, 
                173445.98685103332, 
                133111.9738411584, 
                75170.52120316136, 
                51966.93401461185, 
                45660.95178599075, 
                35142.505942625285, 
                43474.967874556634, 
                23516.710467946596, 
                21405.36072431431
            ], 
            "Power": [
                739589.7700137557, 
                1579505.3211021766, 
                709486.5351139513, 
                -602991.5673349006, 
                696014.3873929619, 
                715348.3594683083, 
                815912.8288009694, 
                823375.8175717817, 
                1235429.7927863, 
                1103855.6717474437, 
                840972.2003930927, 
                763691.5790147224, 
                1010388.8816619074, 
                1546628.491969164, 
                1007482.7626838089, 
                981417.3844236712, 
                2208976.505980994, 
                1527676.6201193267, 
                1605802.4579392106, 
                1432998.6191790276, 
                1025760.7614926592, 
                907786.7955114791, 
                840322.1058171681, 
                667375.7948700567, 
                469468.38716067985, 
                354141.0267931266, 
                300028.5161899157, 
                380387.3233813242, 
                472223.64976825134, 
                484442.5215021036, 
                630713.0424920988, 
                893380.890715875, 
                1395228.5928194707, 
                1091720.496592878, 
                932608.6276037553, 
                1829430.155586433, 
                1175592.084279662, 
                931763.1796159365, 
                2760506.3240673803, 
                1414039.1019589945, 
                3015219.2307651527, 
                2203113.5978929913, 
                2334014.8519570306, 
                1932272.9583058497, 
                1610016.8514959712, 
                1139204.8142669518, 
                1159231.3236796183, 
                1140774.372895885, 
                825047.8409940844, 
                935027.9855053324, 
                881879.0243732072, 
                1076392.0249863616, 
                947337.8253691974, 
                756109.967347343, 
                1031310.9057580843, 
                1304285.8527317124, 
                1831296.2140145432, 
                1546960.477913059, 
                1703370.640109074, 
                1805382.1553536, 
                2126031.7279532775, 
                2093563.5806786476, 
                2316047.0203033444, 
                2625183.1492086416, 
                3140905.361977658, 
                3176503.6465625223, 
                2442970.0136235813, 
                2393748.7802557726, 
                2039101.165332473, 
                1963779.7445467657, 
                1528183.647695538, 
                1411788.99220103, 
                943119.9809955253, 
                623493.3829640857, 
                669477.311287694, 
                765507.1390130859, 
                665903.3157559813, 
                948331.8906577433, 
                1830926.91216471, 
                1579977.8222142865, 
                1974246.3738540842, 
                2158850.489177979, 
                2159987.781577479, 
                2061088.3756636928, 
                2208946.1511091664, 
                2353849.8330428815, 
                3131820.4624507134, 
                2821065.3770864652, 
                2672690.3758976646, 
                2979780.5361484257, 
                2444227.1621631244, 
                2230570.769417774, 
                1963215.6252330537, 
                1458947.500989669, 
                1188269.6293114624, 
                1116006.5774895772, 
                954659.456365986, 
                1066527.9745984161, 
                784800.6253328867, 
                761696.1196587849
            ]
        }, 
        "stdout": "Core profiler results\n======================\n\nTotal objects               3081 objects\nParallelism                    1 thread\nTotal time                  11.0 seconds\n  Core time                  3.7 seconds (33.6%)\n    Compiler                13.6 seconds (124.1%)\n    Instances                0.0 seconds (0.0%)\n    Random variables         0.0 seconds (0.0%)\n    Schedules                0.0 seconds (0.0%)\n    Loadshapes               0.1 seconds (1.2%)\n    Enduses                  0.2 seconds (1.8%)\n    Transforms               0.3 seconds (3.2%)\n  Model time                 7.3 seconds/thread (66.4%)\nSimulation time                4 days\nSimulation speed              28k object.hours/second\nPasses completed             615 passes\nTime steps completed         101 timesteps\nConvergence efficiency      6.09 passes/timestep\nRead lock contention        0.0%\nWrite lock contention       0.0%\nAverage timestep           3564 seconds/timestep\nSimulation rate           32727 x realtime\n\n\nModel profiler results\n======================\n\nClass            Time (s) Time (%) msec/obj\n---------------- -------- -------- --------\nhouse              2.127     29.1%      3.4\ncollector          1.907     26.1%    317.8\ntriplex_meter      1.311     17.9%      2.0\ntriplex_line       0.978     13.4%      1.6\nwaterheater        0.424      5.8%      1.0\nZIPload            0.236      3.2%      0.4\nclimate            0.170      2.3%    170.0\ntransformer        0.046      0.6%      2.2\nnode               0.037      0.5%      2.2\nrecorder           0.034      0.5%      8.5\noverhead_line      0.016      0.2%      1.8\ncapacitor          0.009      0.1%      4.5\nregulator          0.006      0.1%      6.0\nunderground_line   0.003      0.0%      1.5\nvolt_var_control   0.002      0.0%      2.0\nswitch             0.001      0.0%      1.0\n================ ======== ======== ========\nTotal              7.307    100.0%      2.4"
    }, 
    "timeStamps": [
        "2014-07-30 00:00:00 PDT", 
        "2014-07-30 01:00:00 PDT", 
        "2014-07-30 02:00:00 PDT", 
        "2014-07-30 03:00:00 PDT", 
        "2014-07-30 04:00:00 PDT", 
        "2014-07-30 05:00:00 PDT", 
        "2014-07-30 06:00:00 PDT", 
        "2014-07-30 07:00:00 PDT", 
        "2014-07-30 08:00:00 PDT", 
        "2014-07-30 09:00:00 PDT", 
        "2014-07-30 10:00:00 PDT", 
        "2014-07-30 11:00:00 PDT", 
        "2014-07-30 12:00:00 PDT", 
        "2014-07-30 13:00:00 PDT", 
        "2014-07-30 14:00:00 PDT", 
        "2014-07-30 15:00:00 PDT", 
        "2014-07-30 16:00:00 PDT", 
        "2014-07-30 17:00:00 PDT", 
        "2014-07-30 18:00:00 PDT", 
        "2014-07-30 19:00:00 PDT", 
        "2014-07-30 20:00:00 PDT", 
        "2014-07-30 21:00:00 PDT", 
        "2014-07-30 22:00:00 PDT", 
        "2014-07-30 23:00:00 PDT", 
        "2014-07-31 00:00:00 PDT", 
        "2014-07-31 01:00:00 PDT", 
        "2014-07-31 02:00:00 PDT", 
        "2014-07-31 03:00:00 PDT", 
        "2014-07-31 04:00:00 PDT", 
        "2014-07-31 05:00:00 PDT", 
        "2014-07-31 06:00:00 PDT", 
        "2014-07-31 07:00:00 PDT", 
        "2014-07-31 08:00:00 PDT", 
        "2014-07-31 09:00:00 PDT", 
        "2014-07-31 10:00:00 PDT", 
        "2014-07-31 11:00:00 PDT", 
        "2014-07-31 12:00:00 PDT", 
        "2014-07-31 13:00:00 PDT", 
        "2014-07-31 14:00:00 PDT", 
        "2014-07-31 15:00:00 PDT", 
        "2014-07-31 16:00:00 PDT", 
        "2014-07-31 17:00:00 PDT", 
        "2014-07-31 18:00:00 PDT", 
        "2014-07-31 19:00:00 PDT", 
        "2014-07-31 20:00:00 PDT", 
        "2014-07-31 21:00:00 PDT", 
        "2014-07-31 22:00:00 PDT", 
        "2014-07-31 23:00:00 PDT", 
        "2014-08-01 00:00:00 PDT", 
        "2014-08-01 01:00:00 PDT", 
        "2014-08-01 02:00:00 PDT", 
        "2014-08-01 03:00:00 PDT", 
        "2014-08-01 04:00:00 PDT", 
        "2014-08-01 05:00:00 PDT", 
        "2014-08-01 06:00:00 PDT", 
        "2014-08-01 07:00:00 PDT", 
        "2014-08-01 08:00:00 PDT", 
        "2014-08-01 09:00:00 PDT", 
        "2014-08-01 10:00:00 PDT", 
        "2014-08-01 11:00:00 PDT", 
        "2014-08-01 12:00:00 PDT", 
        "2014-08-01 13:00:00 PDT", 
        "2014-08-01 14:00:00 PDT", 
        "2014-08-01 15:00:00 PDT", 
        "2014-08-01 16:00:00 PDT", 
        "2014-08-01 17:00:00 PDT", 
        "2014-08-01 18:00:00 PDT", 
        "2014-08-01 19:00:00 PDT", 
        "2014-08-01 20:00:00 PDT", 
        "2014-08-01 21:00:00 PDT", 
        "2014-08-01 22:00:00 PDT", 
        "2014-08-01 23:00:00 PDT", 
        "2014-08-02 00:00:00 PDT", 
        "2014-08-02 01:00:00 PDT", 
        "2014-08-02 02:00:00 PDT", 
        "2014-08-02 03:00:00 PDT", 
        "2014-08-02 04:00:00 PDT", 
        "2014-08-02 05:00:00 PDT", 
        "2014-08-02 06:00:00 PDT", 
        "2014-08-02 07:00:00 PDT", 
        "2014-08-02 08:00:00 PDT", 
        "2014-08-02 09:00:00 PDT", 
        "2014-08-02 10:00:00 PDT", 
        "2014-08-02 11:00:00 PDT", 
        "2014-08-02 12:00:00 PDT", 
        "2014-08-02 13:00:00 PDT", 
        "2014-08-02 14:00:00 PDT", 
        "2014-08-02 15:00:00 PDT", 
        "2014-08-02 16:00:00 PDT", 
        "2014-08-02 17:00:00 PDT", 
        "2014-08-02 18:00:00 PDT", 
        "2014-08-02 19:00:00 PDT", 
        "2014-08-02 20:00:00 PDT", 
        "2014-08-02 21:00:00 PDT", 
        "2014-08-02 22:00:00 PDT", 
        "2014-08-02 23:00:00 PDT", 
        "2014-08-03 00:00:00 PDT", 
        "2014-08-03 01:00:00 PDT", 
        "2014-08-03 02:00:00 PDT", 
        "2014-08-03 03:00:00 PDT"
    ], 
    "failures": {}
}